threshold,final_accuracy,after_block3_isolated_accuracy,after_block3_rate,after_block3_accuracy,after_block6_isolated_accuracy,after_block6_rate,after_block6_accuracy,after_block9_isolated_accuracy,after_block9_rate,after_block9_accuracy,after_block3_sequential_rate,after_block3_sequential_accuracy,after_block6_sequential_rate,after_block6_sequential_accuracy,after_block9_sequential_rate,after_block9_sequential_accuracy,final_rate,overall_accuracy
0.0,99.06,68.32,100.0,68.32,88.98,100.0,88.98,97.08,100.0,97.08,100.0,68.32,0.0,0.0,0.0,0.0,0.0,68.32
0.01,99.06,68.32,100.0,68.32,88.98,100.0,88.98,97.08,100.0,97.08,100.0,68.32,0.0,0.0,0.0,0.0,0.0,68.32
0.02,99.06,68.32,100.0,68.32,88.98,100.0,88.98,97.08,100.0,97.08,100.0,68.32,0.0,0.0,0.0,0.0,0.0,68.32
0.03,99.06,68.32,100.0,68.32,88.98,100.0,88.98,97.08,100.0,97.08,100.0,68.32,0.0,0.0,0.0,0.0,0.0,68.32
0.04,99.06,68.32,100.0,68.32,88.98,100.0,88.98,97.08,100.0,97.08,100.0,68.32,0.0,0.0,0.0,0.0,0.0,68.32
0.05,99.06,68.32,100.0,68.32,88.98,100.0,88.98,97.08,100.0,97.08,100.0,68.32,0.0,0.0,0.0,0.0,0.0,68.32
0.06,99.06,68.32,100.0,68.32,88.98,100.0,88.98,97.08,100.0,97.08,100.0,68.32,0.0,0.0,0.0,0.0,0.0,68.32
0.07,99.06,68.32,100.0,68.32,88.98,100.0,88.98,97.08,100.0,97.08,100.0,68.32,0.0,0.0,0.0,0.0,0.0,68.32
0.08,99.06,68.32,100.0,68.32,88.98,100.0,88.98,97.08,100.0,97.08,100.0,68.32,0.0,0.0,0.0,0.0,0.0,68.32
0.09,99.06,68.32,100.0,68.32,88.98,100.0,88.98,97.08,100.0,97.08,100.0,68.32,0.0,0.0,0.0,0.0,0.0,68.32
0.1,99.06,68.32,100.0,68.32,88.98,100.0,88.98,97.08,100.0,97.08,100.0,68.32,0.0,0.0,0.0,0.0,0.0,68.32
0.11,99.06,68.32,100.0,68.32,88.98,100.0,88.98,97.08,100.0,97.08,100.0,68.32,0.0,0.0,0.0,0.0,0.0,68.32
0.12,99.06,68.32,100.0,68.32,88.98,100.0,88.98,97.08,100.0,97.08,100.0,68.32,0.0,0.0,0.0,0.0,0.0,68.32
0.13,99.06,68.32,100.0,68.32,88.98,100.0,88.98,97.08,100.0,97.08,100.0,68.32,0.0,0.0,0.0,0.0,0.0,68.32
0.14,99.06,68.32,100.0,68.32,88.98,100.0,88.98,97.08,100.0,97.08,100.0,68.32,0.0,0.0,0.0,0.0,0.0,68.32
0.15,99.06,68.32,100.0,68.32,88.98,100.0,88.98,97.08,100.0,97.08,100.0,68.32,0.0,0.0,0.0,0.0,0.0,68.32
0.16,99.06,68.32,100.0,68.32,88.98,100.0,88.98,97.08,100.0,97.08,100.0,68.32,0.0,0.0,0.0,0.0,0.0,68.32
0.17,99.06,68.32,99.98,68.3136627325465,88.98,100.0,88.98,97.08,100.0,97.08,99.98,68.3136627325465,0.02,100.0,0.0,0.0,0.0,68.32
0.18,99.06,68.32,99.98,68.3136627325465,88.98,100.0,88.98,97.08,100.0,97.08,99.98,68.3136627325465,0.02,100.0,0.0,0.0,0.0,68.32
0.19,99.06,68.32,99.96,68.32733093237294,88.98,100.0,88.98,97.08,100.0,97.08,99.96,68.32733093237294,0.04,100.0,0.0,0.0,0.0,68.34
0.2,99.06,68.32,99.92,68.33466773418735,88.98,100.0,88.98,97.08,100.0,97.08,99.92,68.33466773418735,0.08,75.0,0.0,0.0,0.0,68.34
0.21,99.06,68.32,99.88,68.3620344413296,88.98,100.0,88.98,97.08,100.0,97.08,99.88,68.3620344413296,0.12,83.33333333333333,0.0,0.0,0.0,68.38
0.22,99.06,68.32,99.68,68.45906902086678,88.98,99.98,88.99779955991198,97.08,100.0,97.08,99.68,68.45906902086678,0.32,81.25,0.0,0.0,0.0,68.5
0.23,99.06,68.32,99.44,68.52373290426388,88.98,99.98,88.99779955991198,97.08,100.0,97.08,99.44,68.52373290426388,0.56,85.71428571428571,0.0,0.0,0.0,68.62
0.24,99.06,68.32,99.22,68.65551300141101,88.98,99.98,88.99779955991198,97.08,100.0,97.08,99.22,68.65551300141101,0.78,89.74358974358974,0.0,0.0,0.0,68.82
0.25,99.06,68.32,98.96,68.75505254648343,88.98,99.98,88.99779955991198,97.08,100.0,97.08,98.96,68.75505254648343,1.04,86.53846153846153,0.0,0.0,0.0,68.94
0.26,99.06,68.32,98.62,68.80957209490975,88.98,99.98,88.99779955991198,97.08,100.0,97.08,98.62,68.80957209490975,1.38,82.6086956521739,0.0,0.0,0.0,69.0
0.27,99.06,68.32,98.14,69.00346443855716,88.98,99.96,88.99559823929572,97.08,100.0,97.08,98.14,69.00346443855716,1.86,82.79569892473118,0.0,0.0,0.0,69.26
0.28,99.06,68.32,97.68,69.2055692055692,88.98,99.96,88.99559823929572,97.08,100.0,97.08,97.68,69.2055692055692,2.32,83.62068965517241,0.0,0.0,0.0,69.54
0.29,99.06,68.32,97.12,69.54283360790774,88.98,99.9,89.009009009009,97.08,100.0,97.08,97.12,69.54283360790774,2.86,79.02097902097903,0.02,100.0,0.0,69.82
0.3,99.06,68.32,96.54,69.71203646157034,88.98,99.88,89.00680816980376,97.08,100.0,97.08,96.54,69.71203646157034,3.44,77.90697674418605,0.02,100.0,0.0,70.0
0.31,99.06,68.32,95.62,70.06902321690023,88.98,99.86,89.0246344882836,97.08,99.98,97.07941588317664,95.62,70.06902321690023,4.36,78.89908256880734,0.02,100.0,0.0,70.46
0.32,99.06,68.32,94.82,70.28053153343177,88.98,99.84,89.04246794871794,97.08,99.98,97.07941588317664,94.82,70.28053153343177,5.16,77.51937984496124,0.02,100.0,0.0,70.66
0.33,99.06,68.32,93.96,70.58322690506598,88.98,99.72,89.1095066185319,97.08,99.94,97.09825895537323,93.96,70.58322690506598,5.98,77.92642140468227,0.06,100.0,0.0,71.04
0.34,99.06,68.32,92.8,71.07758620689656,88.98,99.56,89.2125351546806,97.08,99.9,97.11711711711712,92.8,71.07758620689656,7.1,78.59154929577464,0.1,100.0,0.0,71.64
0.35,99.06,68.32,91.56,71.45041502839668,88.98,99.3,89.32527693856998,97.08,99.9,97.11711711711712,91.56,71.45041502839668,8.3,80.48192771084338,0.14,100.0,0.0,72.24
0.36,99.06,68.32,90.26,71.96986483492134,88.98,99.12,89.40677966101696,97.08,99.86,97.15601842579612,90.26,71.96986483492134,9.56,80.9623430962343,0.18,100.0,0.0,72.88
0.37,99.06,68.32,89.0,72.56179775280899,88.98,98.88,89.5631067961165,97.08,99.84,97.17548076923077,89.0,72.56179775280899,10.74,81.19180633147114,0.26,100.0,0.0,73.56
0.38,99.06,68.32,87.66,72.9637234770705,88.98,98.6,89.67545638945234,97.08,99.8,97.17434869739479,87.66,72.9637234770705,12.02,81.19800332778702,0.32,100.0,0.0,74.04
0.39,99.06,68.32,86.4,73.58796296296296,88.98,98.32,89.78844589096826,97.08,99.76,97.19326383319968,86.4,73.58796296296296,13.12,81.25,0.48,95.83333333333333,0.0,74.7
0.4,99.06,68.32,85.18,74.07842216482743,88.98,98.02,89.90002040399918,97.08,99.74,97.21275315821136,85.18,74.07842216482743,14.2,82.11267605633803,0.62,93.54838709677419,0.0,75.34
0.41,99.06,68.32,83.78,74.74337550728097,88.98,97.74,90.0757110701862,97.08,99.68,97.23113964686998,83.78,74.74337550728097,15.34,81.877444589309,0.84,95.23809523809524,0.04,76.0
0.42,99.06,68.32,82.3,75.26123936816525,88.98,97.46,90.17032628770778,97.08,99.66,97.25065221753964,82.3,75.26123936816525,16.68,82.49400479616307,0.98,95.91836734693878,0.04,76.66
0.43,99.06,68.32,80.94,75.73511242895972,88.98,97.14,90.34383364216595,97.08,99.62,97.26962457337883,80.94,75.73511242895972,17.78,83.12710911136108,1.22,95.08196721311475,0.06,77.28
0.44,99.06,68.32,79.18,76.28188936600152,88.98,96.88,90.44178364987613,97.08,99.6,97.26907630522088,79.18,76.28188936600152,19.36,83.36776859504133,1.4,95.71428571428571,0.06,77.92
0.45,99.06,68.32,77.76,76.8775720164609,88.98,96.42,90.66583696328563,97.08,99.56,97.28806749698674,77.76,76.8775720164609,20.5,84.09756097560975,1.64,95.1219512195122,0.1,78.66
0.46,99.06,68.32,75.9,77.28590250329381,88.98,95.84,90.9432387312187,97.08,99.46,97.36577518600443,75.9,77.28590250329381,21.9,84.74885844748859,2.08,93.26923076923077,0.12,79.26
0.47,99.06,68.32,73.96,77.82585181179016,88.98,95.52,91.12227805695143,97.08,99.46,97.36577518600443,73.96,77.82585181179016,23.64,85.27918781725889,2.28,92.10526315789474,0.12,79.92
0.48,99.06,68.32,72.5,78.34482758620689,88.98,95.18,91.30069342298802,97.08,99.42,97.38483202574935,72.5,78.34482758620689,24.82,86.05962933118452,2.56,92.1875,0.12,80.62
0.49,99.06,68.32,70.54,78.8488800680465,88.98,94.8,91.45569620253164,97.08,99.24,97.42039500201531,70.54,78.8488800680465,26.4,86.36363636363636,2.88,93.05555555555556,0.18,81.24
0.5,99.06,68.32,68.68,79.5282469423413,88.98,94.2,91.76220806794055,97.08,99.14,97.43796651200323,68.68,79.5282469423413,27.9,87.168458781362,3.16,91.77215189873418,0.26,82.06
0.51,99.06,68.32,67.3,80.14858841010401,88.98,93.62,91.90343943601795,97.08,98.9,97.53286147623862,67.3,80.14858841010401,28.92,87.69017980636238,3.5,91.42857142857143,0.28,82.74
0.52,99.06,68.32,65.34,80.96112641567187,88.98,93.04,92.15391229578675,97.08,98.68,97.58816376165383,65.34,80.96112641567187,30.3,88.44884488448845,4.02,92.03980099502488,0.34,83.68
0.53,99.06,68.32,64.22,81.5010900031143,88.98,92.48,92.409169550173,97.08,98.42,97.70371875635034,64.22,81.5010900031143,30.92,88.8745148771022,4.44,92.34234234234235,0.42,84.28
0.54,99.06,68.32,62.76,81.86743148502231,88.98,91.78,92.67814338635868,97.08,98.24,97.84201954397395,62.76,81.86743148502231,31.82,89.69201759899434,4.88,93.44262295081967,0.54,84.9
0.55,99.06,68.32,61.3,82.31647634584013,88.98,90.96,92.91996481970097,97.08,98.06,97.91964103610034,61.3,82.31647634584013,32.7,89.84709480122324,5.36,93.65671641791045,0.64,85.38
0.56,99.06,68.32,60.02,82.83905364878373,88.98,90.22,93.17224562181335,97.08,97.82,98.01676548763034,60.02,82.83905364878373,33.4,90.05988023952096,5.84,93.4931506849315,0.74,85.88
0.57,99.06,68.32,58.36,83.34475668265935,88.98,89.52,93.4763181411975,97.08,97.78,98.01595418285947,58.36,83.34475668265935,34.42,90.47065659500291,6.44,93.47826086956522,0.78,86.46
0.58,99.06,68.32,56.68,84.121383203952,88.98,88.96,93.72751798561151,97.08,97.68,98.03439803439804,56.68,84.121383203952,35.58,90.83754918493536,6.86,93.87755102040816,0.88,87.16
0.59,99.06,68.32,55.08,85.07625272331154,88.98,88.36,93.91127206880941,97.08,97.5,98.0923076923077,55.08,85.07625272331154,36.38,91.03903243540407,7.52,94.41489361702128,1.02,87.94
0.6,99.06,68.32,53.68,85.50670640834575,88.98,87.72,94.14044687642499,97.08,97.38,98.11049496816595,53.68,85.50670640834575,37.1,91.32075471698113,8.18,94.62102689486552,1.04,88.4
0.61,99.06,68.32,52.14,85.92251630226313,88.98,87.08,94.35002296738631,97.08,97.16,98.25030876904076,52.14,85.92251630226313,38.06,91.69732002101944,8.54,95.78454332552693,1.26,88.98
0.62,99.06,68.32,50.58,86.51640964808225,88.98,86.56,94.59334565619224,97.08,96.98,98.28830686739533,50.58,86.51640964808225,38.94,92.14175654853621,9.08,94.93392070484582,1.4,89.5
0.63,99.06,68.32,49.06,86.58785161027313,88.98,85.92,94.71601489757914,97.08,96.78,98.36743128745609,49.06,86.58785161027313,39.88,92.52758274824474,9.56,95.39748953974896,1.5,89.84
0.64,99.06,68.32,47.86,86.79481821980777,88.98,85.28,94.95778611632271,97.08,96.54,98.42552309923347,47.86,86.79481821980777,40.46,92.88185862580326,10.04,95.0199203187251,1.64,90.14
0.65,99.06,68.32,46.44,87.33850129198966,88.98,84.7,95.15938606847698,97.08,96.28,98.48358953053594,46.44,87.33850129198966,41.24,92.91949563530552,10.54,95.44592030360532,1.78,90.56
0.66,99.06,68.32,45.16,87.59964570416298,88.98,83.98,95.3560371517028,97.08,96.06,98.50093691442848,45.16,87.59964570416298,41.74,93.24389075227599,11.16,95.3405017921147,1.94,90.9
0.67,99.06,68.32,43.98,88.0400181900864,88.98,83.36,95.63339731285988,97.08,95.9,98.54014598540147,43.98,88.0400181900864,42.28,93.80321665089878,11.56,95.50173010380622,2.18,91.36
0.68,99.06,68.32,42.78,88.4525479195886,88.98,82.52,95.85555016965584,97.08,95.6,98.61924686192468,42.78,88.4525479195886,42.68,94.00187441424555,12.04,96.17940199335548,2.5,91.78
0.69,99.06,68.32,41.52,88.72832369942196,88.98,81.9,95.94627594627595,97.08,95.28,98.65659109991604,41.52,88.72832369942196,43.34,94.13936317489618,12.42,96.4573268921095,2.72,92.08
0.7,99.06,68.32,40.3,89.23076923076923,88.98,81.16,96.15574174470183,97.08,94.98,98.75763318593388,40.3,89.23076923076923,43.82,94.47740757644911,12.92,96.90402476780186,2.96,92.56
0.71,99.06,68.32,38.96,89.83572895277207,88.98,80.38,96.3174919134113,97.08,94.76,98.7969607429295,38.96,89.83572895277207,44.28,94.67028003613369,13.62,97.06314243759178,3.14,92.98
0.72,99.06,68.32,37.6,90.2127659574468,88.98,79.56,96.50578179989945,97.08,94.5,98.83597883597884,37.6,90.2127659574468,44.78,94.81911567664136,14.28,97.3389355742297,3.34,93.32
0.73,99.06,68.32,36.4,90.6043956043956,88.98,78.72,96.7479674796748,97.08,94.26,98.96032251220029,36.4,90.6043956043956,45.1,95.29933481152993,14.98,97.32977303070761,3.52,93.74
0.74,99.06,68.32,34.86,91.2794033275961,88.98,77.78,96.83723322190795,97.08,94.04,99.00042535091451,34.86,91.2794033275961,45.5,95.34065934065934,15.78,97.71863117870723,3.86,94.12
0.75,99.06,68.32,33.28,91.46634615384616,88.98,77.18,97.01995335579166,97.08,93.94,99.04194166489249,33.28,91.46634615384616,46.42,95.69151227919001,16.24,98.0295566502463,4.06,94.48
0.76,99.06,68.32,32.02,91.75515302935665,88.98,76.38,97.1196648337261,97.08,93.7,99.12486659551762,32.02,91.75515302935665,46.74,95.89216944801026,16.94,98.46517119244392,4.3,94.82
0.77,99.06,68.32,30.7,92.24755700325733,88.98,75.4,97.3209549071618,97.08,93.5,99.16577540106952,30.7,92.24755700325733,46.9,96.28997867803838,17.84,98.4304932735426,4.56,95.22
0.78,99.06,68.32,29.26,92.68626110731374,88.98,74.48,97.47583243823846,97.08,93.22,99.2276335550311,29.26,92.68626110731374,47.3,96.57505285412262,18.5,98.5945945945946,4.94,95.56
0.79,99.06,68.32,28.06,93.01496792587312,88.98,73.8,97.58807588075881,97.08,93.0,99.26881720430107,28.06,93.01496792587312,47.74,96.64851277754504,18.92,98.62579281183932,5.28,95.76
0.8,99.06,68.32,26.62,93.16303531179564,88.98,72.82,97.7204064817358,97.08,92.6,99.30885529157668,26.62,93.16303531179564,48.14,96.92563356875779,19.62,98.57288481141693,5.62,96.0
0.81,99.06,68.32,25.18,93.32803812549642,88.98,71.9,97.85813630041724,97.08,92.22,99.34938191281718,25.18,93.32803812549642,48.52,97.19703215169002,20.34,98.62340216322517,5.96,96.26
0.82,99.06,68.32,23.74,93.51305812973884,88.98,71.14,97.97582232218161,97.08,91.74,99.41137998691956,23.74,93.51305812973884,49.1,97.35234215885947,20.76,98.65125240847784,6.4,96.42
0.83,99.06,68.32,22.42,93.84478144513827,88.98,69.92,98.05491990846681,97.08,91.26,99.45211483673022,22.42,93.84478144513827,49.14,97.47659747659748,21.58,98.79518072289157,6.86,96.64
0.84,99.06,68.32,21.4,93.64485981308411,88.98,68.66,98.16487037576464,97.08,90.96,99.47229551451187,21.4,93.64485981308411,48.88,97.66775777414075,22.6,98.84955752212389,7.12,96.72
0.85,99.06,68.32,19.82,94.34914228052472,88.98,67.24,98.24509220701962,97.08,90.54,99.4698475811796,19.82,94.34914228052472,48.9,97.79141104294479,23.76,98.82154882154882,7.52,96.98
0.86,99.06,68.32,18.7,95.18716577540107,88.98,65.68,98.38611449451888,97.08,90.2,99.490022172949,18.7,95.18716577540107,48.32,97.97185430463576,24.9,98.95582329317268,8.08,97.32
0.87,99.06,68.32,17.34,95.61707035755478,88.98,64.48,98.41811414392059,97.08,89.58,99.48649252065194,17.34,95.61707035755478,48.26,98.0522171570659,25.74,98.98989898989899,8.66,97.48
0.88,99.06,68.32,15.98,95.61952440550688,88.98,63.36,98.45328282828282,97.08,89.14,99.55126766883554,15.98,95.61952440550688,48.46,98.10152703260421,26.38,99.24184988627748,9.18,97.6
0.89,99.06,68.32,14.66,96.1800818553888,88.98,61.5,98.5040650406504,97.08,88.64,99.61642599277978,14.66,96.1800818553888,47.86,98.16130380275804,27.68,99.49421965317919,9.8,97.8
0.9,99.06,68.32,13.32,96.54654654654655,88.98,59.6,98.65771812080537,97.08,87.98,99.61354853375767,13.32,96.54654654654655,47.2,98.38983050847457,28.82,99.44482997918112,10.66,97.98
0.91,99.06,68.32,12.08,97.01986754966887,88.98,57.7,98.7521663778163,97.08,87.36,99.61080586080585,12.08,97.01986754966887,46.52,98.49527085124677,30.1,99.40199335548172,11.3,98.12
0.92,99.06,68.32,10.76,97.21189591078067,88.98,55.44,98.91774891774892,97.08,86.48,99.65309898242369,10.76,97.21189591078067,45.54,98.72639437856829,31.44,99.4910941475827,12.26,98.3
0.93,99.06,68.32,9.34,97.21627408993577,88.98,53.08,98.94498869630746,97.08,85.58,99.74293059125964,9.34,97.21627408993577,44.46,98.78542510121457,32.86,99.6956786366403,13.34,98.42
0.94,99.06,68.32,7.72,97.15025906735751,88.98,50.06,99.28086296444268,97.08,84.7,99.74025974025975,7.72,97.15025906735751,43.02,99.20966992096699,34.74,99.59700633275763,14.52,98.6
0.95,99.06,68.32,6.28,98.08917197452229,88.98,46.84,99.40222032450896,97.08,83.36,99.78406909788868,6.28,98.08917197452229,41.06,99.36678032148076,36.76,99.61915125136018,15.9,98.72
0.96,99.06,68.32,4.76,98.31932773109244,88.98,43.44,99.67771639042357,97.08,81.68,99.82859941234084,4.76,98.31932773109244,39.08,99.64176049129989,38.48,99.74012474012474,17.68,98.88
0.97,99.06,68.32,3.56,98.31460674157303,88.98,38.84,99.84552008238929,97.08,79.34,99.87396017141417,3.56,98.31460674157303,35.5,99.83098591549296,40.9,99.75550122249389,20.04,98.98
0.98,99.06,68.32,2.04,99.01960784313725,88.98,32.94,99.87856709168184,97.08,75.82,99.94724347137958,2.04,99.01960784313725,31.02,99.87105093488073,43.28,99.90757855822551,23.66,99.02
0.99,99.06,68.32,0.8,100.0,88.98,23.56,99.830220713073,97.08,69.9,99.94277539341917,0.8,100.0,22.82,99.82471516213847,46.66,99.91427346763824,29.72,99.04
1.0,99.06,68.32,0.0,0.0,88.98,0.0,0.0,97.08,0.5,100.0,0.0,0.0,0.0,0.0,0.5,100.0,99.5,99.06
