threshold,final_accuracy,after_layer2_rate,after_layer2_accuracy,after_layer3_rate,after_layer3_accuracy,after_layer2_sequential_rate,after_layer2_sequential_accuracy,after_layer3_sequential_rate,after_layer3_sequential_accuracy,final_rate,overall_accuracy
0.0,86.51,100.0,63.17,100.0,85.29,100.0,63.17,0.0,0.0,0.0,63.17
0.01,86.51,100.0,63.17,100.0,85.29,100.0,63.17,0.0,0.0,0.0,63.17
0.02,86.51,100.0,63.17,100.0,85.29,100.0,63.17,0.0,0.0,0.0,63.17
0.03,86.51,100.0,63.17,100.0,85.29,100.0,63.17,0.0,0.0,0.0,63.17
0.04,86.51,100.0,63.17,100.0,85.29,100.0,63.17,0.0,0.0,0.0,63.17
0.05,86.51,100.0,63.17,100.0,85.29,100.0,63.17,0.0,0.0,0.0,63.17
0.06,86.51,100.0,63.17,100.0,85.29,100.0,63.17,0.0,0.0,0.0,63.17
0.07,86.51,100.0,63.17,100.0,85.29,100.0,63.17,0.0,0.0,0.0,63.17
0.08,86.51,100.0,63.17,100.0,85.29,100.0,63.17,0.0,0.0,0.0,63.17
0.09,86.51,100.0,63.17,100.0,85.29,100.0,63.17,0.0,0.0,0.0,63.17
0.1,86.51,100.0,63.17,100.0,85.29,100.0,63.17,0.0,0.0,0.0,63.17
0.11,86.51,100.0,63.17,100.0,85.29,100.0,63.17,0.0,0.0,0.0,63.17
0.12,86.51,100.0,63.17,100.0,85.29,100.0,63.17,0.0,0.0,0.0,63.17
0.13,86.51,100.0,63.17,100.0,85.29,100.0,63.17,0.0,0.0,0.0,63.17
0.14,86.51,100.0,63.17,100.0,85.29,100.0,63.17,0.0,0.0,0.0,63.17
0.15,86.51,100.0,63.17,100.0,85.29,100.0,63.17,0.0,0.0,0.0,63.17
0.16,86.51,100.0,63.17,100.0,85.29,100.0,63.17,0.0,0.0,0.0,63.17
0.17,86.51,100.0,63.17,100.0,85.29,100.0,63.17,0.0,0.0,0.0,63.17
0.18,86.51,99.99,63.176317631763176,100.0,85.29,99.99,63.176317631763176,0.01,100.0,0.0,63.18
0.19,86.51,99.93,63.214249974982486,100.0,85.29,99.93,63.214249974982486,0.07,85.71428571428571,0.0,63.23
0.2,86.51,99.85,63.23485227841763,100.0,85.29,99.85,63.23485227841763,0.15,80.0,0.0,63.26
0.21,86.51,99.7,63.24974924774323,100.0,85.29,99.7,63.24974924774323,0.3,66.66666666666667,0.0,63.26
0.22,86.51,99.5,63.336683417085425,100.0,85.29,99.5,63.336683417085425,0.5,70.0,0.0,63.37
0.23,86.51,99.29,63.40014100110787,100.0,85.29,99.29,63.40014100110787,0.71,70.4225352112676,0.0,63.45
0.24,86.51,98.88,63.592233009708735,100.0,85.29,98.88,63.592233009708735,1.12,69.64285714285714,0.0,63.66
0.25,86.51,98.48,63.718521527213646,100.0,85.29,98.48,63.718521527213646,1.52,69.73684210526316,0.0,63.81
0.26,86.51,97.74,64.0474728872519,99.97,85.30559167750324,97.74,64.0474728872519,2.26,73.00884955752213,0.0,64.25
0.27,86.51,96.97,64.29823656801072,99.95,85.31265632816408,96.97,64.29823656801072,3.02,73.17880794701986,0.01,64.56
0.28,86.51,96.21,64.61906246751897,99.93,85.31972380666467,96.21,64.61906246751897,3.77,73.47480106100795,0.02,64.94
0.29,86.51,95.23,64.92701879659771,99.88,85.34241089307169,95.23,64.92701879659771,4.73,75.05285412262157,0.04,65.39
0.3,86.51,94.17,65.34989911861527,99.84,85.36658653846153,94.17,65.34989911861527,5.78,75.25951557093425,0.05,65.9
0.31,86.51,93.0,65.75268817204301,99.74,85.42209745337878,93.0,65.75268817204301,6.92,76.30057803468208,0.08,66.46
0.32,86.51,91.74,66.16524961848702,99.66,85.46056592414209,91.74,66.16524961848702,8.14,76.78132678132678,0.12,66.99
0.33,86.51,90.38,66.5965921664085,99.57,85.49763985136086,90.38,66.5965921664085,9.46,76.53276955602537,0.16,67.48
0.34,86.51,89.0,67.03370786516854,99.46,85.54192640257389,89.0,67.03370786516854,10.81,76.59574468085107,0.19,68.01
0.35,86.51,87.62,67.48459255877654,99.4,85.57344064386318,87.62,67.48459255877654,12.16,77.05592105263158,0.22,68.58
0.36,86.51,86.02,68.0306905370844,99.24,85.67110036275696,86.02,68.0306905370844,13.69,76.47918188458729,0.29,69.1
0.37,86.51,84.55,68.66942637492608,99.09,85.75032798466042,84.55,68.66942637492608,15.12,75.92592592592592,0.33,69.67
0.38,86.51,83.04,69.25578034682081,98.89,85.83274345232076,83.04,69.25578034682081,16.54,76.42079806529625,0.42,70.31
0.39,86.51,81.81,69.66141058550299,98.64,86.00973236009732,81.81,69.66141058550299,17.66,77.23669309173273,0.53,70.85
0.4,86.51,80.22,70.25679381700324,98.4,86.10772357723577,80.22,70.25679381700324,19.09,77.73703509690938,0.69,71.49
0.41,86.51,78.6,70.90330788804071,98.15,86.2251655629139,78.6,70.90330788804071,20.59,78.2904322486644,0.81,72.18
0.42,86.51,76.76,71.57373632100052,97.83,86.35387917816621,76.76,71.57373632100052,22.28,78.45601436265709,0.96,72.81
0.43,86.51,74.89,72.21257844839097,97.6,86.47540983606558,74.89,72.21257844839097,23.98,78.94078398665555,1.13,73.51
0.44,86.51,73.25,72.77815699658703,97.35,86.54340010272213,73.25,72.77815699658703,25.37,79.42451714623571,1.38,74.11
0.45,86.51,71.33,73.39127996635357,97.09,86.70305901740653,71.33,73.39127996635357,27.12,79.79351032448378,1.55,74.72
0.46,86.51,69.57,74.09803076038523,96.75,86.8733850129199,69.57,74.09803076038523,28.6,80.34965034965035,1.83,75.45
0.47,86.51,67.81,74.79722754755936,96.36,87.10045662100457,67.81,74.79722754755936,30.02,80.61292471685543,2.17,76.07
0.48,86.51,65.68,75.48721071863581,95.93,87.28239341186281,65.68,75.48721071863581,31.7,81.10410094637224,2.62,76.77
0.49,86.51,63.82,76.33970542149797,95.32,87.63113722198909,63.82,76.33970542149797,33.11,81.87858652974933,3.07,77.52
0.5,86.51,61.99,77.20600096789805,94.82,87.9244885045349,61.99,77.20600096789805,34.56,82.4074074074074,3.45,78.27
0.51,86.51,60.36,77.68389662027833,94.3,88.19724284199364,60.36,77.68389662027833,35.78,83.17495807713807,3.86,78.81
0.52,86.51,58.64,78.2912687585266,93.78,88.39837918532736,58.64,78.2912687585266,37.05,83.50877192982456,4.31,79.3
0.53,86.51,56.96,79.02036516853933,93.22,88.59686762497319,56.96,79.02036516853933,38.29,83.80778271089058,4.75,79.87
0.54,86.51,55.3,79.69258589511755,92.65,88.83971937398813,55.3,79.69258589511755,39.44,84.22920892494929,5.26,80.39
0.55,86.51,53.68,80.43964232488823,92.09,89.02160929525465,53.68,80.43964232488823,40.57,84.42198668967217,5.75,80.83
0.56,86.51,52.08,80.9331797235023,91.51,89.26893235711944,52.08,80.9331797235023,41.64,85.01440922190201,6.28,81.24
0.57,86.51,50.81,81.46034245227318,91.09,89.4939071248216,50.81,81.46034245227318,42.55,85.4054054054054,6.64,81.66
0.58,86.51,49.28,82.20373376623377,90.48,89.77674624226348,49.28,82.20373376623377,43.47,85.89832068092937,7.25,82.09
0.59,86.51,47.86,82.86669452569996,89.89,90.06563577706085,47.86,82.86669452569996,44.34,86.2426702751466,7.8,82.5
0.6,86.51,46.46,83.51269909599655,89.29,90.30126553925412,46.46,83.51269909599655,45.07,86.5986243621034,8.47,82.85
0.61,86.51,45.06,83.93253439857968,88.83,90.4987053923224,45.06,83.93253439857968,45.92,86.89024390243902,9.02,83.08
0.62,86.51,43.54,84.4281120808452,88.24,90.78649138712602,43.54,84.4281120808452,46.89,87.3320537428023,9.57,83.41
0.63,86.51,42.2,84.83412322274881,87.73,90.93810555112276,42.2,84.83412322274881,47.74,87.57855048177629,10.06,83.62
0.64,86.51,40.84,85.40646425073457,87.07,91.17951073848627,40.84,85.40646425073457,48.39,87.93139078321967,10.77,83.92
0.65,86.51,39.57,85.97422289613344,86.39,91.41104294478528,39.57,85.97422289613344,48.89,88.30026590304766,11.54,84.18
0.66,86.51,38.18,86.27553693033002,85.78,91.57146187922592,38.18,86.27553693033002,49.63,88.59560749546645,12.19,84.29
0.67,86.51,37.12,86.69181034482759,85.28,91.78001876172608,37.12,86.69181034482759,50.22,89.00836320191159,12.66,84.51
0.68,86.51,35.78,87.14365567356064,84.73,92.04532042959991,35.78,87.14365567356064,50.98,89.44684189878383,13.24,84.73
0.69,86.51,34.48,87.67401392111368,84.21,92.16245101531885,34.48,87.67401392111368,51.68,89.64783281733746,13.84,84.95
0.7,86.51,33.15,88.11463046757164,83.6,92.38038277511961,33.15,88.11463046757164,52.31,89.98279487669662,14.54,85.16
0.71,86.51,31.9,88.58934169278997,83.09,92.5382115778072,31.9,88.58934169278997,53.02,90.24896265560166,15.08,85.35
0.72,86.51,30.66,88.81278538812785,82.52,92.7532719340766,30.66,88.81278538812785,53.64,90.64131245339298,15.7,85.46
0.73,86.51,29.33,89.29423798158882,81.87,92.91559789910835,29.33,89.29423798158882,54.27,90.93421779988944,16.4,85.69
0.74,86.51,28.02,89.8286937901499,81.23,93.06906315400714,28.02,89.8286937901499,54.83,91.20919204814882,17.15,85.78
0.75,86.51,26.51,90.2678234628442,80.58,93.36063539339787,26.51,90.2678234628442,55.6,91.69064748201438,17.89,86.0
0.76,86.51,25.32,90.52132701421802,79.63,93.67072711289715,25.32,90.52132701421802,55.82,92.17126477964887,18.86,86.15
0.77,86.51,23.88,91.03852596314908,79.09,93.81717031230244,23.88,91.03852596314908,56.58,92.40014139271827,19.54,86.28
0.78,86.51,22.7,91.49779735682819,78.39,94.09363439214185,22.7,91.49779735682819,56.98,92.85714285714286,20.32,86.5
0.79,86.51,21.73,91.90059825126554,77.67,94.28350714561607,21.73,91.90059825126554,57.22,93.11429570080392,21.05,86.54
0.8,86.51,20.62,92.62851600387972,76.84,94.49505465903175,20.62,92.62851600387972,57.39,93.4483359470291,21.99,86.66
0.81,86.51,19.39,92.83135636926251,76.1,94.70433639947437,19.39,92.83135636926251,57.83,93.7402732145945,22.78,86.76
0.82,86.51,18.18,93.01430143014302,75.31,94.92763245252955,18.18,93.01430143014302,58.14,94.04884760921912,23.68,86.72
0.83,86.51,17.1,93.33333333333333,74.54,95.04963777837403,17.1,93.33333333333333,58.42,94.28277986990757,24.48,86.74
0.84,86.51,15.85,94.00630914826499,73.72,95.19804666304938,15.85,94.00630914826499,58.74,94.50119169220292,25.41,86.83
0.85,86.51,14.59,94.31117203564085,72.8,95.43956043956044,14.59,94.31117203564085,58.98,94.82875551034249,26.43,86.9
0.86,86.51,13.38,95.06726457399103,71.88,95.6316082359488,13.38,95.06726457399103,59.16,95.01352265043948,27.46,86.96
0.87,86.51,12.53,95.13168395849961,71.02,95.94480428048438,12.53,95.13168395849961,59.09,95.43069893382975,28.38,87.01
0.88,86.51,11.58,95.68221070811744,70.05,96.11705924339758,11.58,95.68221070811744,59.01,95.62785968479919,29.41,87.03
0.89,86.51,10.42,95.68138195777351,68.81,96.38133992152304,10.42,95.68138195777351,58.87,95.97418039748598,30.71,87.01
0.9,86.51,9.15,95.95628415300547,67.65,96.6740576496674,9.15,95.95628415300547,58.98,96.33774160732452,31.87,87.02
0.91,86.51,7.98,96.11528822055138,66.3,96.8024132730015,7.98,96.11528822055138,58.7,96.54173764906304,33.32,86.94
0.92,86.51,6.74,96.58753709198812,64.72,97.04882571075402,6.74,96.58753709198812,58.32,96.84499314128944,34.94,86.98
0.93,86.51,5.46,96.33699633699634,63.12,97.43346007604563,5.46,96.33699633699634,57.89,97.30523406460529,36.65,86.93
0.94,86.51,4.3,96.51162790697674,61.37,97.63728205963827,4.3,96.51162790697674,57.26,97.5200838281523,38.44,86.92
0.95,86.51,3.15,96.82539682539682,59.41,97.89597710823094,3.15,96.82539682539682,56.42,97.7844735909252,40.43,86.96
0.96,86.51,2.25,97.33333333333333,56.85,98.20580474934037,2.25,97.33333333333333,54.7,98.13528336380256,43.05,86.92
0.97,86.51,1.4,97.14285714285714,53.74,98.5299590621511,1.4,97.14285714285714,52.43,98.49322906732786,46.17,86.84
0.98,86.51,0.72,95.83333333333333,49.48,98.74696847210994,0.72,95.83333333333333,48.81,98.7297684900635,50.47,86.73
0.99,86.51,0.26,92.3076923076923,42.95,99.25494761350407,0.26,92.3076923076923,42.71,99.25076094591431,57.03,86.64
1.0,86.51,0.0,0.0,0.34,100.0,0.0,0.0,0.34,100.0,99.66,86.51
