threshold,final_accuracy,after_layer1_isolated_accuracy,after_layer1_rate,after_layer1_accuracy,after_layer2_isolated_accuracy,after_layer2_rate,after_layer2_accuracy,after_layer3_isolated_accuracy,after_layer3_rate,after_layer3_accuracy,after_layer1_sequential_rate,after_layer1_sequential_accuracy,after_layer2_sequential_rate,after_layer2_sequential_accuracy,after_layer3_sequential_rate,after_layer3_sequential_accuracy,final_rate,overall_accuracy
0.0,96.14,45.66,100.0,45.66,57.74,100.0,57.74,88.9,100.0,88.9,100.0,45.66,0.0,0.0,0.0,0.0,0.0,45.66
0.01,96.14,45.66,100.0,45.66,57.74,100.0,57.74,88.9,100.0,88.9,100.0,45.66,0.0,0.0,0.0,0.0,0.0,45.66
0.02,96.14,45.66,100.0,45.66,57.74,100.0,57.74,88.9,100.0,88.9,100.0,45.66,0.0,0.0,0.0,0.0,0.0,45.66
0.03,96.14,45.66,100.0,45.66,57.74,100.0,57.74,88.9,100.0,88.9,100.0,45.66,0.0,0.0,0.0,0.0,0.0,45.66
0.04,96.14,45.66,100.0,45.66,57.74,100.0,57.74,88.9,100.0,88.9,100.0,45.66,0.0,0.0,0.0,0.0,0.0,45.66
0.05,96.14,45.66,100.0,45.66,57.74,100.0,57.74,88.9,100.0,88.9,100.0,45.66,0.0,0.0,0.0,0.0,0.0,45.66
0.06,96.14,45.66,100.0,45.66,57.74,100.0,57.74,88.9,100.0,88.9,100.0,45.66,0.0,0.0,0.0,0.0,0.0,45.66
0.07,96.14,45.66,100.0,45.66,57.74,100.0,57.74,88.9,100.0,88.9,100.0,45.66,0.0,0.0,0.0,0.0,0.0,45.66
0.08,96.14,45.66,100.0,45.66,57.74,100.0,57.74,88.9,100.0,88.9,100.0,45.66,0.0,0.0,0.0,0.0,0.0,45.66
0.09,96.14,45.66,100.0,45.66,57.74,100.0,57.74,88.9,100.0,88.9,100.0,45.66,0.0,0.0,0.0,0.0,0.0,45.66
0.1,96.14,45.66,100.0,45.66,57.74,100.0,57.74,88.9,100.0,88.9,100.0,45.66,0.0,0.0,0.0,0.0,0.0,45.66
0.11,96.14,45.66,100.0,45.66,57.74,100.0,57.74,88.9,100.0,88.9,100.0,45.66,0.0,0.0,0.0,0.0,0.0,45.66
0.12,96.14,45.66,100.0,45.66,57.74,100.0,57.74,88.9,100.0,88.9,100.0,45.66,0.0,0.0,0.0,0.0,0.0,45.66
0.13,96.14,45.66,100.0,45.66,57.74,100.0,57.74,88.9,100.0,88.9,100.0,45.66,0.0,0.0,0.0,0.0,0.0,45.66
0.14,96.14,45.66,99.82,45.72230014025246,57.74,99.96,57.76310524209684,88.9,100.0,88.9,99.82,45.72230014025246,0.18,33.333333333333336,0.0,0.0,0.0,45.7
0.15,96.14,45.66,99.62,45.814093555510944,57.74,99.96,57.76310524209684,88.9,100.0,88.9,99.62,45.814093555510944,0.38,47.36842105263158,0.0,0.0,0.0,45.82
0.16,96.14,45.66,98.96,45.91754244139046,57.74,99.88,57.78934721665999,88.9,100.0,88.9,98.96,45.91754244139046,1.04,50.0,0.0,0.0,0.0,45.96
0.17,96.14,45.66,97.5,46.174358974358974,57.74,99.76,57.8588612670409,88.9,100.0,88.9,97.5,46.174358974358974,2.42,45.45454545454545,0.08,75.0,0.0,46.18
0.18,96.14,45.66,95.74,46.500940045957805,57.74,99.54,57.92646172393008,88.9,100.0,88.9,95.74,46.500940045957805,4.06,41.37931034482759,0.2,90.0,0.0,46.38
0.19,96.14,45.66,93.86,47.11272107393991,57.74,99.08,58.13484053290271,88.9,100.0,88.9,93.86,47.11272107393991,5.74,42.857142857142854,0.4,60.0,0.0,46.92
0.2,96.14,45.66,91.12,47.43195785776997,57.74,98.48,58.32656376929326,88.9,99.98,88.89777955591119,91.12,47.43195785776997,8.08,47.772277227722775,0.8,72.5,0.0,47.66
0.21,96.14,45.66,87.96,48.22646657571624,57.74,97.72,58.534588620548504,88.9,99.96,88.9155662264906,87.96,48.22646657571624,10.7,46.91588785046729,1.34,80.59701492537313,0.0,48.52
0.22,96.14,45.66,84.9,49.02237926972909,57.74,96.74,58.87947074633037,88.9,99.94,88.91334800880529,84.9,49.02237926972909,13.18,46.889226100151745,1.92,81.25,0.0,49.36
0.23,96.14,45.66,81.52,49.681059862610404,57.74,95.68,59.17642140468227,88.9,99.94,88.91334800880529,81.52,49.681059862610404,15.74,49.04701397712834,2.74,85.4014598540146,0.0,50.56
0.24,96.14,45.66,78.12,50.512032770097285,57.74,94.38,59.58889595253232,88.9,99.92,88.9111289031225,78.12,50.512032770097285,18.16,50.220264317180614,3.72,86.55913978494624,0.0,51.8
0.25,96.14,45.66,74.12,51.53804641122504,57.74,92.82,59.922430510665805,88.9,99.88,88.94673608329995,74.12,51.53804641122504,20.7,51.4975845410628,5.14,85.99221789883268,0.04,53.32
0.26,96.14,45.66,69.64,52.32624928202183,57.74,91.46,60.266783293242945,88.9,99.78,88.99579073962718,69.64,52.32624928202183,23.58,53.09584393553859,6.72,85.41666666666667,0.06,54.76
0.27,96.14,45.66,65.62,53.1850045717769,57.74,89.82,60.67690937430417,88.9,99.7,89.06720160481444,65.62,53.1850045717769,26.04,53.763440860215056,8.26,85.71428571428571,0.08,56.06
0.28,96.14,45.66,61.5,54.27642276422764,57.74,87.76,61.3947128532361,88.9,99.54,89.17018284106892,61.5,54.27642276422764,28.3,54.98233215547703,10.06,85.48707753479125,0.14,57.66
0.29,96.14,45.66,58.04,55.20330806340455,57.74,85.7,62.19369894982497,88.9,99.46,89.20168912125477,58.04,55.20330806340455,29.9,55.852842809364546,11.9,84.87394957983193,0.16,58.98
0.3,96.14,45.66,54.7,55.94149908592322,57.74,83.4,62.70983213429257,88.9,99.28,89.32312651087832,54.7,55.94149908592322,31.08,57.014157014157014,14.02,84.73609129814551,0.2,60.34
0.31,96.14,45.66,51.26,56.769410846664066,57.74,80.9,63.55995055624228,88.9,99.14,89.38874319144644,51.26,56.769410846664066,32.1,58.13084112149533,16.36,84.96332518337408,0.28,61.88
0.32,96.14,45.66,47.9,57.82881002087683,57.74,78.78,64.1025641025641,88.9,98.94,89.4683646654538,47.9,57.82881002087683,33.34,59.028194361127774,18.38,85.52774755168662,0.38,63.4
0.33,96.14,45.66,45.34,58.844287604764006,57.74,76.48,64.77510460251047,88.9,98.74,89.52805347376949,45.34,58.844287604764006,33.68,59.857482185273156,20.52,85.86744639376218,0.46,64.84
0.34,96.14,45.66,41.98,60.0762267746546,57.74,74.02,65.68495001350986,88.9,98.56,89.65097402597402,41.98,60.0762267746546,34.56,61.342592592592595,22.84,86.33975481611209,0.62,66.62
0.35,96.14,45.66,39.16,61.08273748723187,57.74,71.72,66.45287228109314,88.9,98.32,89.74776240846217,39.16,61.08273748723187,35.04,62.55707762557078,24.98,86.78943154523618,0.82,68.16
0.36,96.14,45.66,36.54,61.959496442255066,57.74,69.36,67.09919261822375,88.9,98.0,89.89795918367346,36.54,61.959496442255066,35.16,63.25369738339022,27.12,87.16814159292035,1.18,69.44
0.37,96.14,45.66,34.2,62.748538011695906,57.74,67.2,67.67857142857143,88.9,97.72,89.99181334424887,34.2,62.748538011695906,35.16,64.16382252559727,29.18,87.59424263193968,1.46,70.78
0.38,96.14,45.66,31.92,63.40852130325815,57.74,64.92,68.39186691312385,88.9,97.36,90.18077239112571,31.92,63.40852130325815,34.98,65.6375071469411,31.26,87.97184900831734,1.84,72.16
0.39,96.14,45.66,29.58,64.57065584854631,57.74,62.7,69.05901116427432,88.9,96.86,90.3778649597357,29.58,64.57065584854631,35.04,66.26712328767124,33.08,88.33131801692866,2.3,73.4
0.4,96.14,45.66,27.42,66.01021152443472,57.74,60.38,69.82444518052336,88.9,96.38,90.43369993774643,27.42,66.01021152443472,34.8,66.83908045977012,35.14,88.33238474672737,2.64,74.6
0.41,96.14,45.66,25.34,67.40331491712708,57.74,58.08,70.73002754820936,88.9,95.9,90.65693430656934,25.34,67.40331491712708,34.62,67.30213749277874,37.02,88.81685575364668,3.02,75.78
0.42,96.14,45.66,23.58,68.02374893977948,57.74,55.94,71.71969967822668,88.9,95.46,90.92813743976535,23.58,68.02374893977948,34.1,68.91495601173021,38.92,89.15724563206578,3.4,77.1
0.43,96.14,45.66,21.94,69.18869644484958,57.74,53.3,72.6078799249531,88.9,94.96,91.1541701769166,21.94,69.18869644484958,32.96,70.08495145631068,41.28,89.48643410852713,3.82,78.44
0.44,96.14,45.66,20.26,69.99012833168806,57.74,51.18,73.34896443923408,88.9,94.48,91.27857747671464,20.26,69.99012833168806,32.54,70.74370006146282,42.96,89.71135940409684,4.24,79.34
0.45,96.14,45.66,18.38,70.18498367791078,57.74,48.82,74.23187218353134,88.9,93.9,91.52289669861555,18.38,70.18498367791078,32.08,71.94513715710723,44.88,90.10695187165776,4.66,80.42
0.46,96.14,45.66,17.02,71.44535840188014,57.74,46.34,75.22658610271904,88.9,93.3,91.70418006430869,17.02,71.44535840188014,31.02,72.92069632495165,46.62,90.34749034749035,5.34,81.48
0.47,96.14,45.66,15.58,72.91399229781771,57.74,44.1,76.3718820861678,88.9,92.48,91.8901384083045,15.58,72.91399229781771,30.1,74.15282392026577,48.28,90.3893951946976,6.04,82.54
0.48,96.14,45.66,14.46,74.27385892116183,57.74,42.24,77.32007575757575,88.9,91.74,92.23893612382821,14.46,74.27385892116183,29.34,74.84662576687117,49.46,90.9826122118884,6.74,83.46
0.49,96.14,45.66,13.4,75.22388059701493,57.74,40.62,77.69571639586411,88.9,90.94,92.50054981306356,13.4,75.22388059701493,28.66,75.15701325889742,50.6,91.26482213438736,7.34,84.1
0.5,96.14,45.66,12.28,75.7328990228013,57.74,39.14,78.23198773633112,88.9,90.32,92.82550930026572,12.28,75.7328990228013,28.2,75.95744680851064,51.54,91.57935584012418,7.98,84.8
0.51,96.14,45.66,11.44,76.57342657342657,57.74,37.44,78.95299145299145,88.9,89.72,93.08961212661615,11.44,76.57342657342657,27.38,76.55222790357925,52.64,91.83130699088146,8.54,85.48
0.52,96.14,45.66,10.44,77.58620689655173,57.74,35.8,79.66480446927375,88.9,88.74,93.3739012846518,10.44,77.58620689655173,26.64,77.47747747747748,53.46,92.25589225589225,9.46,86.3
0.53,96.14,45.66,9.58,78.70563674321504,57.74,34.38,79.81384525887144,88.9,87.78,93.68876737297789,9.58,78.70563674321504,26.02,77.55572636433513,54.08,92.6775147928994,10.32,86.92
0.54,96.14,45.66,8.84,79.63800904977376,57.74,32.96,80.33980582524272,88.9,87.14,94.00963966031674,8.84,79.63800904977376,25.14,78.36117740652347,54.96,93.12227074235808,11.06,87.62
0.55,96.14,45.66,8.26,80.38740920096852,57.74,31.18,81.20590121872995,88.9,86.38,94.281083584163,8.26,80.38740920096852,23.98,79.39949958298583,55.84,93.48137535816619,11.92,88.28
0.56,96.14,45.66,7.6,80.52631578947368,57.74,29.78,81.79986568166555,88.9,85.64,94.58197104156936,7.6,80.52631578947368,23.24,80.12048192771084,56.46,93.94261424017003,12.7,88.88
0.57,96.14,45.66,6.72,82.44047619047619,57.74,28.26,82.51946213729653,88.9,84.72,94.75920679886686,6.72,82.44047619047619,22.5,80.8,57.12,94.22268907563026,13.66,89.54
0.58,96.14,45.66,6.36,82.0754716981132,57.74,27.14,83.27192336035372,88.9,84.04,94.85959067110899,6.36,82.0754716981132,21.7,81.75115207373273,57.5,94.4,14.44,90.0
0.59,96.14,45.66,5.86,82.5938566552901,57.74,25.78,83.86346004654771,88.9,83.34,95.12838972882169,5.86,82.5938566552901,20.76,82.3699421965318,58.3,94.75128644939966,15.08,90.5
0.6,96.14,45.66,5.3,81.13207547169812,57.74,24.74,84.39773645917542,88.9,82.5,95.32121212121213,5.3,81.13207547169812,20.26,83.31688055281343,58.48,94.97264021887825,15.96,90.82
0.61,96.14,45.66,4.8,80.83333333333333,57.74,23.6,84.7457627118644,88.9,81.7,95.47123623011016,4.8,80.83333333333333,19.5,83.8974358974359,58.88,95.14266304347827,16.82,91.12
0.62,96.14,45.66,4.3,81.3953488372093,57.74,22.68,85.00881834215167,88.9,81.0,95.65432098765432,4.3,81.3953488372093,19.0,84.3157894736842,59.12,95.39918809201623,17.58,91.52
0.63,96.14,45.66,3.96,82.82828282828282,57.74,21.5,85.67441860465117,88.9,80.36,95.81881533101046,3.96,82.82828282828282,18.1,84.97237569060773,59.68,95.50938337801608,18.26,91.9
0.64,96.14,45.66,3.46,82.08092485549133,57.74,20.3,86.00985221674877,88.9,79.18,96.08486991664562,3.46,82.08092485549133,17.36,85.48387096774194,59.78,95.78454332552693,19.4,92.28
0.65,96.14,45.66,3.1,83.87096774193549,57.74,19.24,86.79833679833679,88.9,78.56,96.15580448065172,3.1,83.87096774193549,16.6,86.50602409638554,60.14,95.80977718656469,20.16,92.64
0.66,96.14,45.66,2.82,85.1063829787234,57.74,18.24,87.17105263157895,88.9,77.68,96.34397528321318,2.82,85.1063829787234,15.82,86.85208596713022,60.3,96.01990049751244,21.06,92.92
0.67,96.14,45.66,2.42,85.12396694214875,57.74,17.1,87.13450292397661,88.9,76.8,96.5625,2.42,85.12396694214875,15.04,86.83510638297872,60.64,96.2401055408971,21.9,93.1
0.68,96.14,45.66,2.22,85.58558558558559,57.74,16.04,88.2793017456359,88.9,75.82,96.94012134001582,2.22,85.58558558558559,14.18,87.72919605077574,60.62,96.66776641372485,22.98,93.56
0.69,96.14,45.66,2.02,87.12871287128714,57.74,15.06,88.04780876494024,88.9,75.2,97.20744680851064,2.02,87.12871287128714,13.38,87.29446935724962,60.9,97.01149425287356,23.7,93.74
0.7,96.14,45.66,1.8,85.55555555555556,57.74,14.18,88.57545839210155,88.9,74.26,97.38755723134932,1.8,85.55555555555556,12.72,88.0503144654088,60.8,97.23684210526316,24.68,94.0
0.71,96.14,45.66,1.54,88.31168831168831,57.74,13.22,88.95612708018155,88.9,73.52,97.44287268770402,1.54,88.31168831168831,11.92,88.59060402684564,61.02,97.31235660439201,25.52,94.22
0.72,96.14,45.66,1.3,87.6923076923077,57.74,12.36,88.83495145631068,88.9,72.62,97.6039658496282,1.3,87.6923076923077,11.3,88.49557522123894,60.96,97.4737532808399,26.44,94.32
0.73,96.14,45.66,1.02,86.27450980392157,57.74,11.54,89.60138648180242,88.9,71.82,97.80005569479253,1.02,86.27450980392157,10.72,89.55223880597015,60.96,97.67060367454069,27.3,94.56
0.74,96.14,45.66,0.92,84.78260869565217,57.74,10.66,90.61913696060037,88.9,70.9,97.85613540197461,0.92,84.78260869565217,9.98,90.78156312625251,60.84,97.69888231426692,28.26,94.68
0.75,96.14,45.66,0.84,85.71428571428571,57.74,9.76,92.00819672131148,88.9,69.84,97.99541809851088,0.84,85.71428571428571,9.16,92.13973799126637,60.62,97.88848564830089,29.38,94.98
0.76,96.14,45.66,0.7,82.85714285714286,57.74,9.18,92.15686274509804,88.9,68.84,98.11156304474143,0.7,82.85714285714286,8.72,92.43119266055047,60.24,98.00796812749005,30.34,95.04
0.77,96.14,45.66,0.64,81.25,57.74,8.42,92.63657957244655,88.9,67.74,98.25804546796576,0.64,81.25,8.04,93.03482587064677,59.84,98.1951871657754,31.48,95.2
0.78,96.14,45.66,0.56,82.14285714285714,57.74,7.82,92.8388746803069,88.9,66.64,98.43937575030012,0.56,82.14285714285714,7.5,93.06666666666666,59.3,98.41483979763912,32.64,95.32
0.79,96.14,45.66,0.48,83.33333333333333,57.74,6.96,92.816091954023,88.9,65.5,98.53435114503817,0.48,83.33333333333333,6.68,92.81437125748504,58.98,98.50796880298407,33.86,95.38
0.8,96.14,45.66,0.38,89.47368421052632,57.74,6.48,93.82716049382717,88.9,64.36,98.60161591050341,0.38,89.47368421052632,6.24,93.91025641025641,58.26,98.55818743563337,35.12,95.52
0.81,96.14,45.66,0.3,93.33333333333333,57.74,5.9,93.89830508474576,88.9,62.96,98.72935196950445,0.3,93.33333333333333,5.76,93.75,57.4,98.71080139372822,36.54,95.64
0.82,96.14,45.66,0.24,91.66666666666667,57.74,5.3,93.9622641509434,88.9,61.68,98.8651102464332,0.24,91.66666666666667,5.18,93.82239382239382,56.7,98.87125220458553,37.88,95.68
0.83,96.14,45.66,0.18,88.88888888888889,57.74,4.62,94.37229437229438,88.9,60.68,98.97824653922216,0.18,88.88888888888889,4.54,94.27312775330397,56.3,99.00532859680284,38.98,95.74
0.84,96.14,45.66,0.12,83.33333333333333,57.74,3.98,94.47236180904522,88.9,59.08,99.01828029790116,0.12,83.33333333333333,3.92,94.38775510204081,55.34,99.06035417419588,40.62,95.8
0.85,96.14,45.66,0.1,100.0,57.74,3.5,95.42857142857143,88.9,57.94,99.13703831549878,0.1,100.0,3.44,95.34883720930233,54.66,99.15843395536041,41.8,95.9
0.86,96.14,45.66,0.08,100.0,57.74,3.06,94.77124183006536,88.9,56.68,99.22371206774876,0.08,100.0,3.02,94.70198675496688,53.82,99.25678186547752,43.08,95.94
0.87,96.14,45.66,0.04,100.0,57.74,2.66,95.48872180451127,88.9,55.48,99.27901946647441,0.04,100.0,2.62,95.41984732824427,53.04,99.28355957767722,44.3,95.96
0.88,96.14,45.66,0.02,100.0,57.74,2.36,94.91525423728814,88.9,53.68,99.40387481371089,0.02,100.0,2.34,94.87179487179488,51.54,99.41792782305006,46.1,96.0
0.89,96.14,45.66,0.02,100.0,57.74,1.98,94.94949494949495,88.9,51.76,99.57496136012365,0.02,100.0,1.96,94.89795918367346,49.94,99.55947136563877,48.08,96.02
0.9,96.14,45.66,0.02,100.0,57.74,1.68,95.23809523809524,88.9,49.2,99.67479674796748,0.02,100.0,1.66,95.18072289156626,47.68,99.66442953020135,50.64,96.02
0.91,96.14,45.66,0.02,100.0,57.74,1.46,94.52054794520548,88.9,47.3,99.70401691331924,0.02,100.0,1.44,94.44444444444444,46.0,99.69565217391305,52.54,96.0
0.92,96.14,45.66,0.0,0.0,57.74,1.08,96.29629629629629,88.9,45.02,99.8223011994669,0.0,0.0,1.08,96.29629629629629,44.04,99.81834695731153,54.88,96.06
0.93,96.14,45.66,0.0,0.0,57.74,0.9,95.55555555555556,88.9,42.04,99.85727878211227,0.0,0.0,0.9,95.55555555555556,41.24,99.8545101842871,57.86,96.06
0.94,96.14,45.66,0.0,0.0,57.74,0.68,94.11764705882354,88.9,38.62,100.0,0.0,0.0,0.68,94.11764705882354,38.02,100.0,61.3,96.12
0.95,96.14,45.66,0.0,0.0,57.74,0.38,89.47368421052632,88.9,35.44,100.0,0.0,0.0,0.38,89.47368421052632,35.14,100.0,64.48,96.12
0.96,96.14,45.66,0.0,0.0,57.74,0.16,87.5,88.9,31.94,100.0,0.0,0.0,0.16,87.5,31.82,100.0,68.02,96.14
0.97,96.14,45.66,0.0,0.0,57.74,0.04,100.0,88.9,27.46,100.0,0.0,0.0,0.04,100.0,27.42,100.0,72.54,96.16
0.98,96.14,45.66,0.0,0.0,57.74,0.0,0.0,88.9,20.88,100.0,0.0,0.0,0.0,0.0,20.88,100.0,79.12,96.14
0.99,96.14,45.66,0.0,0.0,57.74,0.0,0.0,88.9,12.18,100.0,0.0,0.0,0.0,0.0,12.18,100.0,87.82,96.14
1.0,96.14,45.66,0.0,0.0,57.74,0.0,0.0,88.9,0.0,0.0,0.0,0.0,0.0,0.0,0.0,0.0,100.0,96.14
