T_compute_device,T_d_compute,T_total,exit_location,is_correct,label,prediction,request_id,sample_index,user_id
6.988477267092094,6.988477267092094,6.988484596135095,device,True,3,3,ff2253e23b2346d58cf99dc13c1c34b3,0,1
0.025691753951832652,0.025691753951832652,0.02569552999921143,device,True,8,8,003b8d98ca1a4b8388935db65a59409b,1,1
0.024059918010607362,0.024059918010607362,0.024063630029559135,device,True,8,8,bb10d0287edb411d95fa57fa32249ef1,2,1
0.02398928999900818,0.02398928999900818,0.023992329835891724,device,False,0,9,a0abe2c838a54484a8cd96e6cef6f3f9,3,1
0.02251704689115286,0.02251704689115286,0.022519638994708657,device,True,6,6,b771e8862e4146778af611b69c365d68,4,1
0.022488276939839125,0.022488276939839125,0.0224911249242723,device,True,6,6,ae186b7b3d7346fba68312d82a090857,5,1
0.02248446806333959,0.02248446806333959,0.022487156093120575,device,False,1,9,a3695760cf2548ec9b5a5d5f7f8055a8,6,1
0.02253688802011311,0.02253688802011311,0.022539416095241904,device,False,6,2,2fb311270ef2444a967fbad10fc3d446,7,1
0.022925582015886903,0.022925582015886903,0.022928877966478467,device,True,3,3,0156d3bd2c0a482cb7f00e966e045a31,8,1
0.02254584920592606,0.02254584920592606,0.02254920918494463,device,True,1,1,aac3a321cc5f44d5bb941b35438552e0,9,1
0.02253071218729019,0.02253071218729019,0.022533687995746732,device,True,0,0,b310f37e7ba74c6f811f92f43007da15,10,1
0.022570553934201598,0.022570553934201598,0.022573465947061777,device,True,9,9,c2baf684797345f09af69998b9fb15fe,11,1
0.02290343609638512,0.02290343609638512,0.022906347876414657,device,True,5,5,ac3fa5b09a454e8eb9687e31f2821fed,12,1
0.022994417930021882,0.022994417930021882,0.02299838582985103,device,True,7,7,5ac939c8e41e451d854d5684b5dabd43,13,1
0.022903052158653736,0.022903052158653736,0.02290625311434269,device,True,9,9,e4a01d27052e4adbbefea9eb85860135,14,1
0.022594746900722384,0.022594746900722384,0.022597274975851178,device,True,8,8,c3148bfadabd4b9fa875ed0f5f593153,15,1
0.02398804109543562,0.02398804109543562,0.023991208989173174,device,True,5,5,2c6c49361620409ab2c3d23b7e54bd3c,16,1
0.02281463099643588,0.02281463099643588,0.02281770296394825,device,True,7,7,e0931ad8c08848abb2204a652d901651,17,1
0.022464820183813572,0.022464820183813572,0.022466964088380337,device,True,8,8,156991b7779a4c578e529d63a3a74bff,18,1
0.022873065900057554,0.022873065900057554,0.022875242866575718,device,True,6,6,ec03e3db2b4949c69f6856f99b3ae0ad,19,1
0.022397232009097934,0.022397232009097934,0.02239921595901251,device,True,7,7,c074afb829bd4812b6bb5ac5cc3aab34,20,1
0.022887723986059427,0.022887723986059427,0.022889771964401007,device,True,0,0,4696fb0c7f7344d091e7041e1bc5d882,21,1
0.022887275088578463,0.022887275088578463,0.022889547049999237,device,True,4,4,5060d315b189475d80455a13c3f32848,22,1
0.022438705898821354,0.022438705898821354,0.022440945962443948,device,True,9,9,7781e67063834cf9a49f11a71b3881ac,23,1
0.022434290032833815,0.022434290032833815,0.02243688190355897,device,False,5,4,2cfd4a0b6edb4929bc551a5f422c8bbe,24,1
0.02283978508785367,0.02283978508785367,0.02284240908920765,device,False,2,5,83d9a344d649440996e35fa101a480d5,25,1
0.022521846927702427,0.022521846927702427,0.022524151019752026,device,False,4,3,0b4b6a06feaf4a31b048c9f7597b9d2d,26,1
0.022398927016183734,0.022398927016183734,0.022401168011128902,device,True,0,0,0c455817a0be4ca7be6f70d0c243b3bd,27,1
0.022435665829107165,0.022435665829107165,0.02243803394958377,device,True,9,9,578664084bbb4a159cbc6ee942050613,28,1
0.022408528020605445,0.022408528020605445,0.02241137600503862,device,True,6,6,7edbd1958119439da937ef67fc365ff1,29,1
0.02247067610733211,0.02247067610733211,0.02247269218787551,device,True,6,6,7dfb7570c1734946a7138111df16dcf4,30,1
0.022399919107556343,0.022399919107556343,0.022401808062568307,device,True,5,5,98c27c5b7c8f4ca08f26d7715a769d80,31,1
0.022394160041585565,0.022394160041585565,0.02239627204835415,device,True,4,4,5b527012f38a48648b6605ea768c576b,32,1
0.02247902797535062,0.02247902797535062,0.022481331834569573,device,True,5,5,ce6d7389459b46b8847cc543a53f3995,33,1
0.022856872994452715,0.022856872994452715,0.022858824813738465,device,True,9,9,f8f75ad08acd4a0bb69b079cf0b88ecd,34,1
0.022447858937084675,0.022447858937084675,0.022450163029134274,device,False,2,8,8c952f45ef8e4df0859ed77d18635e13,35,1
0.022449587006121874,0.022449587006121874,0.022451859898865223,device,True,4,4,7337ad5e20be4034b782587025df7a68,36,1
0.022807654924690723,0.022807654924690723,0.022809926886111498,device,True,1,1,adefb2d563dd409f8835425c47d2d288,37,1
0.02240910497494042,0.02240910497494042,0.022411376936361194,device,True,9,9,daefed420ae04bf48a5c7284e20e1e4c,38,1
0.022387599106878042,0.022387599106878042,0.022389807039871812,device,True,5,5,6154c19a2a464caa9603bea23c222bf3,39,1
0.02244760189205408,0.02244760189205408,0.022450034972280264,device,True,4,4,2a022569728b442aa0e7c66f68ecbae2,40,1
0.022419634042307734,0.022419634042307734,0.022422002162784338,device,True,6,6,8028abf1318a4eebb1906fefbc01fff8,41,1
0.02243112213909626,0.02243112213909626,0.022433394100517035,device,True,5,5,532f0889482440859b27f1bb0d93a89d,42,1
0.022465460002422333,0.022465460002422333,0.022467700066044927,device,True,6,6,cdcca50b20854d8f82a50e33f34d2527,43,1
0.022400368005037308,0.022400368005037308,0.022402832051739097,device,True,0,0,3c3117524d1b4e8892a0baa8a05b1b29,44,1
0.022456564009189606,0.022456564009189606,0.02245883597061038,device,True,9,9,84b06dbd00c543b0ad171e03b4c2745a,45,1
0.02239438402466476,0.02239438402466476,0.022396689048036933,device,True,3,3,507eb46118cf4bd198718671cd1b4378,46,1
0.022357742069289088,0.022357742069289088,0.022359950002282858,device,False,9,8,2d213377de3c4b1bbf751d2661af6434,47,1
0.022451379103586078,0.022451379103586078,0.022453491110354662,device,True,7,7,0183fdd432224f598314a60aa0d5f7d5,48,1
0.022452339064329863,0.022452339064329863,0.02245435514487326,device,False,6,2,5f9c9d08eda742aea5091c518029188d,49,1
0.02241038391366601,0.02241038391366601,0.022412433056160808,device,True,9,9,c9ebbee53dcd41f993858ee1b67f3318,50,1
0.022422353038564324,0.022422353038564324,0.022424720926210284,device,True,8,8,da91de2f4a3045b7b418482e3dde8a18,51,1
0.022397391963750124,0.022397391963750124,0.022400016896426678,device,True,0,0,19d0c9b231e1482b815c554925c3ce91,52,1
0.022455731872469187,0.022455731872469187,0.02245797193609178,device,True,3,3,b1efd6d9ce004bf28976c07f56295fbb,53,1
0.022429969860240817,0.022429969860240817,0.0224320818670094,device,True,8,8,0d4987c4a3664a61a4ddc8202e0e1f47,54,1
0.02241921704262495,0.02241921704262495,0.022421425208449364,device,True,8,8,7b43fd0128ef49f0a28e2435965224db,55,1
0.022423570044338703,0.022423570044338703,0.022425618022680283,device,True,7,7,7c033484d4d046db94f4a0672fe4e9f0,56,1
0.02242865809239447,0.02242865809239447,0.02243070607073605,device,False,7,3,5623640cccd64e0499d5e25677ffd9ee,57,1
0.02245509112253785,0.02245509112253785,0.02245745901018381,device,False,4,5,84cb2ff6445448a8bd1e8face8b18d8c,58,1
0.022409713128581643,0.022409713128581643,0.022411921061575413,device,False,6,3,b3b42fff9ee94bf5aeb7c7f4cf6937bb,59,1
0.022419665940105915,0.022419665940105915,0.022421553963795304,device,True,7,7,b6287d784dcc4bf09ae59e62853ef35d,60,1
0.0224114409647882,0.0224114409647882,0.022413712926208973,device,False,3,5,203a9b09e8354458bc42afb427069fb5,61,1
0.022412881022319198,0.022412881022319198,0.022414769046008587,device,True,6,6,6345d0f2fccd46549fb5667e1a37eecd,62,1
0.022494069999083877,0.022494069999083877,0.022496533812955022,device,True,3,3,db217c5874bf4138ae5351aa14ed1f21,63,1
0.022407728945836425,0.022407728945836425,0.022409808821976185,device,True,6,6,1e63f1757473463aa3f4b5cd7a16fc41,64,1
0.022416688967496157,0.022416688967496157,0.022418736945837736,device,True,2,2,4a6bb175ca5646cf939e6f45fb4fb0f2,65,1
0.02235105400905013,0.02235105400905013,0.022353229811415076,device,True,1,1,fb06bf07a3574623af1545e06aeef423,66,1
0.022437395062297583,0.022437395062297583,0.022439667023718357,device,True,2,2,bf9fd30bb3974e7eb97d32ed7ce598de,67,1
0.022412913152948022,0.022412913152948022,0.022415122017264366,device,True,3,3,d8b9b4599f824a2e95e7dd30414bae3c,68,1
0.022820552112534642,0.022820552112534642,0.022822952130809426,device,True,7,7,13dbc8774741454fa4bbb4802c00ba1d,69,1
0.022464659996330738,0.022464659996330738,0.02246702811680734,device,True,2,2,2665a505f42b48df9848c87024057e7b,70,1
0.022435410181060433,0.022435410181060433,0.022437810199335217,device,True,6,6,0c987c33b5ac434e9fff39dc1b409d1d,71,1
0.022423985181376338,0.022423985181376338,0.022426258074119687,device,True,8,8,db982485424348539363dd06fbf0d003,72,1
0.022414705017581582,0.022414705017581582,0.022416977211833,device,True,8,8,46afe49ff2624e55aa7b377fe0457ff2,73,1
0.022394319996237755,0.022394319996237755,0.02239687996916473,device,True,0,0,293b808dee8e44cfa864e1d351745f55,74,1
0.022430705837905407,0.022430705837905407,0.022433137986809015,device,True,2,2,3ac48f96b73a4e46a1d8d0b81f308e41,75,1
0.022436211118474603,0.022436211118474603,0.022438579006120563,device,True,9,9,33677076aa0045bca6f2b0ca4d3b873f,76,1
0.022848394000902772,0.022848394000902772,0.022850921843200922,device,True,3,3,7ceea3ebb93d489e9a9827dff5e9d117,77,1
0.02240964910015464,0.02240964910015464,0.022412241902202368,device,False,3,5,67e4273df13c40f9b02fdd0b6ae58fbe,78,1
0.0224685650318861,0.0224685650318861,0.022470868891105056,device,True,8,8,00e4dc590261471c9235efcaf673dd29,79,1
0.02240766491740942,0.02240766491740942,0.02240996900945902,device,True,8,8,d1dd6eba98684d6bb1c18130c831ed4c,80,1
0.0225026139523834,0.0225026139523834,0.02250482188537717,device,True,1,1,9b2d3080064e4bad8b0042b025895919,81,1
0.022438707062974572,0.022438707062974572,0.022440787171944976,device,True,1,1,324479ccf46146c68587553a8349627c,82,1
0.022887181024998426,0.022887181024998426,0.022889260901138186,device,True,7,7,fa65a5cd34814c378e13589015aeabf1,83,1
0.02362895105034113,0.02362895105034113,0.023631639080122113,device,True,2,2,41c1add0f2774999bbae876ccecd5a52,84,1
0.023870307952165604,0.023870307952165604,0.023873731959611177,device,False,5,7,866c6d96ded547cea7b43db7932724cb,85,1
0.0237896628677845,0.0237896628677845,0.023792447056621313,device,True,2,2,ed4b2ea2743a4d84904fc7dc07d3b41e,86,1
0.022994898026809096,0.022994898026809096,0.022997969994321465,device,True,7,7,e4d6edc5684b43c7a05b2bd62282d12f,87,1
0.0231018487829715,0.0231018487829715,0.02310504880733788,device,True,8,8,2d8c8bb9fd024ea2bd5da555bcf5fde6,88,1
0.022685985080897808,0.022685985080897808,0.022689152974635363,device,True,9,9,e78be7f545d248df9d7bb2c8142bc73f,89,1
0.02327539399266243,0.02327539399266243,0.02327830600552261,device,True,0,0,bb069f1a1c11435482d52fff1618d9ed,90,1
0.02360728499479592,0.02360728499479592,0.023610325064510107,device,True,3,3,1c9f8bcbe041425784585c0eef49176e,91,1
0.02280531986616552,0.02280531986616552,0.022808615816757083,device,True,8,8,1c68ef89c6ab4f0089c9caf894ec0876,92,1
0.023070038994774222,0.023070038994774222,0.023072630865499377,device,True,6,6,9e7044f708424812808726b8e2067826,93,1
0.02338874409906566,0.02338874409906566,0.023391785100102425,device,True,4,4,b4e969b0ee0547628c34ee51dd566f7e,94,1
0.029229138046503067,0.029229138046503067,0.02923345915041864,device,False,6,3,c868b4e437db4e9fb6e9d3e267c927d5,95,1
0.02378675085492432,0.02378675085492432,0.02378998277708888,device,True,6,6,8421d17141264d70ac7e07096274067e,96,1
0.02384521788917482,0.02384521788917482,0.023848193930462003,device,True,0,0,4da977df46b94b34be956fd20a872f14,97,1
0.02339213714003563,0.02339213714003563,0.02339536906220019,device,True,0,0,262693caa180442d8806178b9c459295,98,1
0.023433866910636425,0.023433866910636425,0.0234370029065758,device,True,7,7,77f12c1c065140488fa50ead166fe2a4,99,1
0.023236287059262395,0.023236287059262395,0.023239264031872153,device,True,4,4,8af369c3f6c24d37aaf378541d030152,100,1
0.023803679971024394,0.023803679971024394,0.023807872086763382,device,True,5,5,8fee4ea414354e7882333789d28ca1bd,101,1
0.022847305983304977,0.022847305983304977,0.02285015396773815,device,True,6,6,799640352d6648fc9bd6bc671d68883b,102,1
0.023007603129372,0.023007603129372,0.023010547971352935,device,True,3,3,5da83d41322944e684569ff3a4b65072,103,1
0.023382535902783275,0.023382535902783275,0.02338611986488104,device,True,1,1,2e6e03dc6e994b67aabdb9a9fb9cb69e,104,1
0.022938414942473173,0.022938414942473173,0.022941167000681162,device,True,1,1,56ad97fed58e4c33abc272ce7eefad43,105,1
0.022454804042354226,0.022454804042354226,0.0224571090657264,device,True,3,3,fcce66d9cb204e648018db1b7b7dac07,106,1
0.022393360966816545,0.022393360966816545,0.022395248990505934,device,True,6,6,5ad9732c39d8490da4b67f92ea6f8c26,107,1
0.02237563207745552,0.02237563207745552,0.022377775982022285,device,True,8,8,9cddc0dbe38e449dba7a84e81e854dfb,108,1
0.022347310092300177,0.022347310092300177,0.022349294973537326,device,True,7,7,ea93e1747fdc407ab105ba87c9245b56,109,1
0.022363502997905016,0.022363502997905016,0.022365391021594405,device,True,4,4,056e41e878e24ab5bd9c49bc188a4d9c,110,1
0.02244235505349934,0.02244235505349934,0.02244469104334712,device,True,0,0,9a9ce7e431e948f9bcbcdf970157df5b,111,1
0.0223638869356364,0.0223638869356364,0.022365712095052004,device,False,6,2,a8a17c38f6d348e496a7349d662e2b79,112,1
0.022359055001288652,0.022359055001288652,0.022360974922776222,device,True,2,2,880b1f24cbc14d7db6733f008de8c3ca,113,1
0.022343053948134184,0.022343053948134184,0.022345101926475763,device,True,1,1,3cd5662c6c9b4f0c9932e73b7222521b,114,1
0.022399601060897112,0.022399601060897112,0.022401585010811687,device,True,3,3,13c18571cf394f0c975b4c10b6a9b53d,115,1
0.022795143071562052,0.022795143071562052,0.022797255078330636,device,True,0,0,ffcf68ba1a5a42f3bb8476e04a8add41,116,1
0.02234961395151913,0.02234961395151913,0.02235163003206253,device,True,4,4,23427fb53e3e45b4b2b108999523f232,117,1
0.022405585972592235,0.022405585972592235,0.022408050019294024,device,True,2,2,61981d6672a345b19c05c0abc0e3e49d,118,1
0.022385744145140052,0.022385744145140052,0.022388048004359007,device,False,7,2,a91dd65db8d34e5ca8c0828d2390cd23,119,1
0.0223638869356364,0.0223638869356364,0.022366191027686,device,True,8,8,adbaf6442c544a139b6643945dcbe088,120,1
0.02235732600092888,0.02235732600092888,0.022359471069648862,device,True,3,3,7fd5f09c948f437798a207246e297137,121,1
0.022374158957973123,0.022374158957973123,0.022376526845619082,device,True,1,1,1ee7fe84cad34840983e4472d215a7d7,122,1
0.022360719041898847,0.022360719041898847,0.022362895077094436,device,True,2,2,b0e062caca624f438a8ec7c5a1e96a55,123,1
0.022472245153039694,0.022472245153039694,0.022475382080301642,device,True,8,8,3628e0b1c657415cb9adbf2fa8686527,124,1
0.023360615130513906,0.023360615130513906,0.023363526910543442,device,False,0,8,3b440eb631c6476f90a5a75085eb2efc,125,1
0.022439507069066167,0.022439507069066167,0.022442194866016507,device,True,8,8,c9d46cc216304537a6cc9868b1df577b,126,1
0.022808584151789546,0.022808584151789546,0.022811496164649725,device,True,3,3,c4c4f985b06b4a8f8e959fbf079ffbdc,127,1
0.022427475079894066,0.022427475079894066,0.022429811069741845,device,False,5,3,4fc09d29c9fd4d839a57388b14262882,128,1
0.02238235203549266,0.02238235203549266,0.022384464042261243,device,True,2,2,2f4b8b8866ea4b5a826e3ddbd4d251f3,129,1
0.02237476804293692,0.02237476804293692,0.0223768160212785,device,True,4,4,00e64a81407749abb426369682310a4d,130,1
0.022371727973222733,0.022371727973222733,0.022373808082193136,device,True,1,1,23081723e45e4d0db80563659f6839fd,131,1
0.022366991033777595,0.022366991033777595,0.022369071142747998,device,True,8,8,14f4b2c7c8fe42b89b3ba3eccdc09329,132,1
0.022784487111493945,0.022784487111493945,0.0227870789822191,device,True,9,9,848a500de375474fa46fdb5f772dbf88,133,1
0.022374063031747937,0.022374063031747937,0.02237662300467491,device,True,1,1,bd4ddfd2e6c641f1a0ae3fb153db4c20,134,1
0.022400688845664263,0.022400688845664263,0.022402928909286857,device,True,2,2,f64d7827e9ef4d739ac09e40b3d3de9b,135,1
0.02242609905079007,0.02242609905079007,0.02242856309749186,device,True,9,9,2349b861a6174499aac57311927f6af2,136,1
0.02236951910890639,0.02236951910890639,0.022371727041900158,device,True,7,7,03fab47add7e435cac7534e2618abecc,137,1
0.022451092023402452,0.022451092023402452,0.022453140001744032,device,True,2,2,313455113d49426bb43fac93bc114f11,138,1
0.022364240139722824,0.022364240139722824,0.022366191959008574,device,False,9,8,c8ffe320d1b245fa83c02b98325a6b22,139,1
0.02238148800097406,0.02238148800097406,0.022383440053090453,device,True,6,6,7c8911b8f26f46dda807b03a0a90412d,140,1
0.022374575026333332,0.022374575026333332,0.022376718930900097,device,True,5,5,4772023aa45945d5a6e92cdb2327b199,141,1
0.02237403206527233,0.02237403206527233,0.022375984117388725,device,True,6,6,93447f4cc4b24b72a61086e1804d593f,142,1
0.022359566995874047,0.022359566995874047,0.022361583076417446,device,True,3,3,2359ccd2b4364a3084baec81f0695f53,143,1
0.022353742038831115,0.022353742038831115,0.022355949971824884,device,True,8,8,43aef37649774876926baf968f148d49,144,1
0.02504867920652032,0.02504867920652032,0.025050951167941093,device,False,7,4,d0c67209e5784e80a37a27bd98781335,145,1
0.022804745007306337,0.022804745007306337,0.02280756109394133,device,True,6,6,c959235f844543938990a1efd6e87544,146,1
0.022425682982429862,0.022425682982429862,0.022428371012210846,device,False,2,5,49d858a3611a4058be36b389a22d6c86,147,1
0.02238990506157279,0.02238990506157279,0.02239281707443297,device,True,5,5,7a56bd690b5f464ca687e73d607c66a5,148,1
0.022400656947866082,0.022400656947866082,0.022402897011488676,device,True,2,2,5079f3258b4e479d89e52c4b89384b1e,149,1
0.022387568140402436,0.022387568140402436,0.022389648016542196,device,True,8,8,bd82c911e262417db554399a3148eac2,150,1
0.022384943906217813,0.022384943906217813,0.022386864060536027,device,True,9,9,a237a3f7e7b3433e9a08016a88047eff,151,1
0.022401937982067466,0.022401937982067466,0.02240408188663423,device,True,6,6,93a80d147d374a5aa6a8f300a8735fe5,152,1
0.0224215229973197,0.0224215229973197,0.022424306953325868,device,True,0,0,cf6d3350982547938f611ff4471c5a02,153,1
0.022403058130294085,0.022403058130294085,0.022405522176995873,device,True,0,0,6d890d7c0ef244fd92704d1b249c8827,154,1
0.022765350062400103,0.022765350062400103,0.022767686052247882,device,True,5,5,c6192b98321c46f49bf6d6c745446f90,155,1
0.022440339904278517,0.022440339904278517,0.02244289987720549,device,True,2,2,6dde42a11ecf4c6d8fba2491034d0fa6,156,1
0.02240478596650064,0.02240478596650064,0.02240696200169623,device,True,9,9,b912fbcff6124f759479f505194f526b,157,1
0.022818665020167828,0.022818665020167828,0.022820809157565236,device,False,5,3,e933717bc8d948b2b7cae3972d973565,158,1
0.022421139059588313,0.022421139059588313,0.02242331486195326,device,True,4,4,d4db857784f24871b3f8ac833ab289bf,159,1
0.022388080833479762,0.022388080833479762,0.02239012881182134,device,True,2,2,da6af5bdd2d2402cbd2abc54377d36ca,160,1
0.022415601881220937,0.022415601881220937,0.02241771388798952,device,True,1,1,85802866536f4564b7238479fc1f7a37,161,1
0.02244609990157187,0.02244609990157187,0.02244827593676746,device,False,6,3,1d928a79d24b4ec6aaae3a3f790c5060,162,1
0.022445076145231724,0.022445076145231724,0.022448148112744093,device,True,6,6,6d966505278840f4b902d4f5965b1db8,163,1
0.022435155929997563,0.022435155929997563,0.022437363862991333,device,True,8,8,d4e1f63a5c5b4c46a7c51bec05a9b8a7,164,1
0.02244386007077992,0.02244386007077992,0.02244606800377369,device,True,4,4,c71888c9a7d344f0a2649821dd0c474e,165,1
0.0227747589815408,0.0227747589815408,0.02277680695988238,device,True,8,8,75ab484215564b0dbe4867d192cfd129,166,1
0.02241150615736842,0.02241150615736842,0.02241416205652058,device,True,4,4,387bc61fb2494eff9e20d1b4e209e419,167,1
0.022401392925530672,0.022401392925530672,0.02240385697223246,device,True,5,5,bd2876439d76460f9afbfa7511746a84,168,1
0.0223773920442909,0.0223773920442909,0.0223796961363405,device,True,0,0,7899978702b147efa5493c1e2b27e1fb,169,1
0.02240408188663423,0.02240408188663423,0.022406481904909015,device,True,9,9,90b1d0031df14cbe834c783b2dd3b9bf,170,1
0.022782918997108936,0.022782918997108936,0.02278496790677309,device,False,9,6,5a9952104b2f44adb70900e406c5b378,171,1
0.022419346030801535,0.022419346030801535,0.02242139494046569,device,True,9,9,a0308bb6cd9c46d4bf9e96d4fd29f2d9,172,1
0.02239326504059136,0.02239326504059136,0.022396081127226353,device,True,8,8,092468ce1b244b9e9ada03f07571be62,173,1
0.02295457711443305,0.02295457711443305,0.022957585053518414,device,True,9,9,bc01c9e4cb404a9a8fa0296b61742ee4,174,1
0.022846122039481997,0.022846122039481997,0.022848905995488167,device,True,9,9,17132f7be5ce435494868fc65bcc0c51,175,1
0.0224388032220304,0.0224388032220304,0.02244145912118256,device,True,3,3,bf477211fddb48c79ea173e55f9f433d,176,1
0.022438899148255587,0.022438899148255587,0.022441523149609566,device,True,7,7,8d5e77bed9204f6d9c1d13959ebb34dd,177,1
0.022401906084269285,0.022401906084269285,0.02240456221625209,device,True,5,5,365a8c590e914ae38cb7ded323001ae3,178,1
0.022454196820035577,0.022454196820035577,0.02245704480446875,device,True,0,0,bf66167c3e55436c8c54b20d6c621a03,179,1
0.022395633161067963,0.022395633161067963,0.022397937020286918,device,True,0,0,cf1fae730c9b4dc8be0f81750d9d737a,180,1
0.022437875857576728,0.022437875857576728,0.022440147818997502,device,True,5,5,f8d38a5b609d4a7c91b113de265bcccb,181,1
0.02239070599898696,0.02239070599898696,0.02239304198883474,device,True,2,2,2201112a06fb4127b1fd1fe4c3a7a20e,182,1
0.022380464943125844,0.022380464943125844,0.02238273690454662,device,True,2,2,612412fe080b4f8cb79d5e09d4e2aabf,183,1
0.022390577010810375,0.022390577010810375,0.022393041057512164,device,True,3,3,51f7d9a3ae324184ae8935544c041cc6,184,1
0.02242945902980864,0.02242945902980864,0.022431634832173586,device,True,8,8,c2d0eb250d08412fb9ce8f9f3aa6f792,185,1
0.022454740945249796,0.022454740945249796,0.02245730091817677,device,True,6,6,14eb077c8fad4cddb77ee949b21357fd,186,1
0.0224312508944422,0.0224312508944422,0.022433778969570994,device,True,3,3,8dfe516923244a2d9568906d07940873,187,1
0.02242776402272284,0.02242776402272284,0.022430612007156014,device,False,4,3,c2e4114db2244afc9f8112608896f851,188,1
0.023314916994422674,0.023314916994422674,0.02331792493350804,device,False,0,8,5e895d8476ba4a0097bb6a111ccb1d02,189,1
0.022894893074408174,0.022894893074408174,0.022898189024999738,device,True,5,5,e03d2fba7da34673a4fd9f4bc438e4f6,190,1
0.023585205199196935,0.023585205199196935,0.023589013144373894,device,True,8,8,7efe2b6861b5498c862ed17867eab8bc,191,1
0.023108921945095062,0.023108921945095062,0.02311199391260743,device,True,0,0,0dccb12c9de9420893f0d1d965c7871a,192,1
0.022464150097221136,0.022464150097221136,0.022466486087068915,device,True,1,1,3d5ae6363cf348a69c4a01e2c4f4c73d,193,1
0.02240072190761566,0.02240072190761566,0.02240318595431745,device,True,7,7,e308f80781314d0dac4fab22188b5c84,194,1
0.023011701181530952,0.023011701181530952,0.023014293052256107,device,True,2,2,69cf97a6736d4198936d8e6af12a5b98,195,1
0.022476118057966232,0.022476118057966232,0.022478325990960002,device,True,8,8,3e5423cfd08249138524458d196cce38,196,1
0.02240097802132368,0.02240097802132368,0.02240334590896964,device,True,8,8,96126a33817c4507ab8250a7b2375334,197,1
0.02240667399019003,0.02240667399019003,0.02240875386632979,device,False,7,3,04c844db653a4cec9f220a90a98cb3e9,198,1
0.022774278884753585,0.022774278884753585,0.022776423022150993,device,True,8,8,aba1a852def6421187f6d3fa94c64906,199,1
0.022386064985767007,0.022386064985767007,0.022388400975614786,device,True,5,5,dc4fcb5161d148d5a141347fde828ec4,200,1
0.022767302114516497,0.022767302114516497,0.022769510047510266,device,True,1,1,7e04d4cb9a9a4fe6ba6cb56fb97dee6b,201,1
0.022450356045737863,0.022450356045737863,0.02245266013778746,device,True,8,8,cc4585f0c3c1482aabdb440cf309a4bf,202,1
0.022406161995604634,0.022406161995604634,0.022408498916774988,device,True,7,7,31c11edd0d1a4526a2e079f6e8b00e10,203,1
0.022378991823643446,0.022378991823643446,0.022381711984053254,device,True,1,1,18aa42a57d4d426fbb6f91907c4fd017,204,1
0.022363408003002405,0.022363408003002405,0.022365680197253823,device,True,3,3,0756c653a51645e0a055a5453074b36b,205,1
0.023439595941454172,0.023439595941454172,0.023442988051101565,device,True,0,0,d11e4290f1764064ba724b6e55a4800c,206,1
0.02301928400993347,0.02301928400993347,0.023022741079330444,device,True,5,5,e41c61f7b0074aae8f04691230b6c625,207,1
0.024855101015418768,0.024855101015418768,0.02485791710205376,device,True,7,7,4b9b85fc1f6e400fad7935a9d0db1052,208,1
0.022992370883002877,0.022992370883002877,0.022995442850515246,device,True,9,9,a6ee6a3735874f9991fed6aeec3bfbae,209,1
0.022923344047740102,0.022923344047740102,0.02292580809444189,device,False,7,4,922277e95b974b259df2af23ef3a1219,210,1
0.023749310057610273,0.023749310057610273,0.02375254314392805,device,True,4,4,26032e38bc3841609af58ab72047621d,211,1
0.02303647017106414,0.02303647017106414,0.023039030143991113,device,True,5,5,77a84dbd75254187bbda8e35d581eda1,212,1
0.022825546097010374,0.022825546097010374,0.022828394081443548,device,True,9,9,46c1ac215e4c4c19aebdf298f8b0fde9,213,1
0.022791303927078843,0.022791303927078843,0.02279396099038422,device,True,8,8,30277dfc344b44d7ba1b257bd49c967f,214,1
0.02240129793062806,0.02240129793062806,0.022403409937396646,device,True,0,0,9e03a2380c1e45419136ed804b7b0eff,215,1
0.022406418109312654,0.022406418109312654,0.022408498218283057,device,True,7,7,e6e7373175224204a5b6c176797e8b80,216,1
0.02237787307240069,0.02237787307240069,0.022379985079169273,device,True,9,9,fada9cb93e684f1a8ca4000774cb2f6f,217,1
0.02239787415601313,0.02239787415601313,0.02240005019120872,device,True,8,8,d4d75a4579dd4e9db844ac581a42545e,218,1
0.022382321069017053,0.022382321069017053,0.02238433714956045,device,True,2,2,e50d9b19fa8c4165a803f22792f49c70,219,1
0.022420116001740098,0.022420116001740098,0.022422163980081677,device,False,7,5,1db2308652c74499995c32c8babcf2e3,220,1
0.022736036917194724,0.022736036917194724,0.02273814892396331,device,False,6,5,144ee0568c524e448aa870460eda0d49,221,1
0.022418994922190905,0.022418994922190905,0.022420915076509118,device,True,9,9,76e5d8df1c4345d981ed55cb651f049e,222,1
0.02241787500679493,0.02241787500679493,0.022419987013563514,device,True,4,4,b9535410ac924772a9b51c42b6939ec7,223,1
0.022388017969205976,0.022388017969205976,0.02239003381691873,device,True,3,3,f8fd8641f61942939cbb8d5e08732f32,224,1
0.02241726708598435,0.02241726708598435,0.022419508080929518,device,True,9,9,63266bf475474e1f924d631cb4e2fe22,225,1
0.022393394028767943,0.022393394028767943,0.022395665990188718,device,False,6,0,c782dde246da47a8bcfff0c3e8222489,226,1
0.022423475049436092,0.022423475049436092,0.02242555608972907,device,True,4,4,2fe7edd6942342ffa13a03587781c3de,227,1
0.022770182928070426,0.022770182928070426,0.022772487020120025,device,False,7,3,f2449c51e19b48928255040695dba733,228,1
0.02240072190761566,0.02240072190761566,0.022402865812182426,device,False,6,2,750565fdf3684eabb4f6f16820deda2c,229,1
0.02242648391984403,0.02242648391984403,0.02242850000038743,device,True,5,5,e0030a680e0e495d8b7839d33fb44d7c,230,1
0.02236753609031439,0.02236753609031439,0.022369520040228963,device,True,1,1,8bc2e1330f2a429a8e71739c2cbe14ee,231,1
0.02235486381687224,0.02235486381687224,0.02235675184056163,device,True,5,5,ff0d1478e34c450da8c4467cfd8ea404,232,1
0.022447925060987473,0.022447925060987473,0.022451157215982676,device,True,8,8,9639782aa97d4a9c85097f4eaf1c1b4a,233,1
0.023544178809970617,0.023544178809970617,0.02354753902181983,device,True,8,8,129b5a1d556c47adb774f3b7fcaac3a6,234,1
0.02360635786317289,0.02360635786317289,0.0236094300635159,device,True,0,0,5fbd01bcf2eb42f6ac626dc1e274e8cb,235,1
0.022448404924944043,0.022448404924944043,0.022450676886364818,device,True,4,4,7efe8c0f8ab6447287843670e4350cc9,236,1
0.02245726902037859,0.02245726902037859,0.02245973306708038,device,False,0,2,b56b7104064948afa594c5e2532f63ed,237,1
0.02247109403833747,0.02247109403833747,0.022473206045106053,device,True,5,5,e9adfc3cb4304d86942060f5fb139d76,238,1
0.0223948338534683,0.0223948338534683,0.02239688183180988,device,True,5,5,2a59538241db493abf5af553c9a6bd93,239,1
0.02241835603490472,0.02241835603490472,0.022420723922550678,device,True,1,1,52a9e836743b42f794829d9faa2bcece,240,1
0.0223848819732666,0.0223848819732666,0.022386834025382996,device,True,1,1,9574c0cf8b844acdb86e56b6bde4d744,241,1
0.022392914164811373,0.022392914164811373,0.022395122097805142,device,False,8,1,a310b249e4714195a491a17d76fcfe5e,242,1
0.022360719041898847,0.022360719041898847,0.02236292790621519,device,True,9,9,31b8ef75db4b4cf0bc4d4a21ce1439ff,243,1
0.022413394879549742,0.022413394879549742,0.022415954852476716,device,True,0,0,ec89e134053144ca837e6717d87b602a,244,1
0.0229677299503237,0.0229677299503237,0.022970577934756875,device,True,3,3,42cade06491146808c5e48d7d059c8e9,245,1
0.023368105059489608,0.023368105059489608,0.023370824987068772,device,True,1,1,5c30a06e2c2b42daad0d75cd35d1aa63,246,1
0.022937743924558163,0.022937743924558163,0.022940271999686956,device,False,9,8,6e9acbb8802c4a1e95123731076b9e42,247,1
0.022826154017820954,0.022826154017820954,0.02282813796773553,device,True,2,2,e38ac56429fb420ca630f2ae6134decf,248,1
0.022463797125965357,0.022463797125965357,0.02246574917808175,device,True,2,2,3e6033aa44d242d3aaaa08c4c83f71ff,249,1
0.022395889973267913,0.022395889973267913,0.02239816216751933,device,True,5,5,b147a9f77c3745fb98221eb3c66b0239,250,1
0.022411634912714362,0.022411634912714362,0.02241393900476396,device,True,3,3,3faac39512164fee88f68846fc359b67,251,1
0.0223868649918586,0.0223868649918586,0.02238910598680377,device,True,9,9,9b82212328e14c35ae7bb307ad9b2ce1,252,1
0.022375185042619705,0.022375185042619705,0.022377489134669304,device,True,9,9,41a618d006ff4f12b48fcc0ea94addf0,253,1
0.02237694594077766,0.02237694594077766,0.022379314061254263,device,True,4,4,b037235484c54e7cb7214cfd85471dca,254,1
0.02237816108390689,0.02237816108390689,0.02238008100539446,device,True,0,0,5af06cc6eca048bf8c97b1051d578c51,255,1
0.022389329969882965,0.022389329969882965,0.02239141007885337,device,True,3,3,32cd8bb7b0704eecba84552c802a2afa,256,1
0.02243662904947996,0.02243662904947996,0.02243864513002336,device,True,0,0,f0b23cd507c04ee0b1d780c4763c445c,257,1
0.022348335944116116,0.022348335944116116,0.022350383922457695,device,True,0,0,8063153299b94725a9897c3ea4369518,258,1
0.02237576083280146,0.02237576083280146,0.02237803302705288,device,True,9,9,528e894f3c874d8db29c000288b5beb2,259,1
0.02241630805656314,0.02241630805656314,0.022418292006477714,device,True,8,8,6c785d64c60d4a4dbd663a2fe4f8f2b7,260,1
0.022433140082284808,0.022433140082284808,0.022435188060626388,device,True,1,1,305d36fbada6483cb544d0720c15706e,261,1
0.02238289685919881,0.02238289685919881,0.022385105956345797,device,True,5,5,bcf9095565204a2da28a5b00719333fa,262,1
0.022478742990642786,0.022478742990642786,0.0224809511564672,device,False,7,3,2f73bcc9c6b64b30beb397f89cd69fa7,263,1
0.02241422701627016,0.02241422701627016,0.02241646684706211,device,False,0,8,00e7e9db2945439aaf9f3740765c6922,264,1
0.022369808983057737,0.022369808983057737,0.02237192098982632,device,True,8,8,b36cac2e5de944279e93d0f04b6f81de,265,1
0.022403987124562263,0.022403987124562263,0.022405907046049833,device,True,2,2,332bb8621a0a43f9a43bdbe389db088c,266,1
0.02236123289912939,0.02236123289912939,0.02236369694583118,device,True,4,4,51a6b63ca86d45e69294ef1ead91a560,267,1
0.022373009007424116,0.022373009007424116,0.022375248838216066,device,True,7,7,80d1a084a86e43b1a23f0fa7676b6b15,268,1
0.02243781299330294,0.02243781299330294,0.022440213011577725,device,True,0,0,7629b1ec1a56480db61abd882955e63b,269,1
0.022410323144868016,0.022410323144868016,0.022412947146221995,device,True,2,2,145b02d5f4de4c2f89f654a07d1347d6,270,1
0.022406547097489238,0.022406547097489238,0.022409011144191027,device,True,3,3,75d65c2335d24a5a9c68aed552bf323d,271,1
0.02240309095941484,0.02240309095941484,0.0224060348700732,device,True,6,6,ee6b0cc747d64f40843a478486d98af5,272,1
0.02237787307240069,0.02237787307240069,0.022380464943125844,device,True,3,3,64a7e26a578149319326cdfda80ae571,273,1
0.022399059031158686,0.022399059031158686,0.02240158710628748,device,True,8,8,23346a4ab15d4bc68cd9342a91895ac7,274,1
0.022381713148206472,0.022381713148206472,0.022384400945156813,device,False,5,3,bccd6d39ffb344699e9c4a84e77fecae,275,1
0.022413779981434345,0.022413779981434345,0.022416084073483944,device,True,0,0,c42ae150765046069db885059d06effe,276,1
0.022484824061393738,0.022484824061393738,0.022487096022814512,device,False,3,5,e05a2375eb144da286798acedd6ef0d5,277,1
0.023151005152612925,0.023151005152612925,0.023153629153966904,device,True,4,4,5098df481d9c4dada29a484fcf68173c,278,1
0.022849451983347535,0.022849451983347535,0.022851787973195314,device,True,3,3,6612bc93ddaa4823a62fa82cd0ec551d,279,1
0.022936241002753377,0.022936241002753377,0.022938705049455166,device,True,9,9,228c3c789e1946fe9d882ee5fd54898c,280,1
0.023915976053103805,0.023915976053103805,0.023919432191178203,device,False,0,8,02e7449d696d4af7bd0cc3cfd6274c19,281,1
0.02346903900615871,0.02346903900615871,0.023471855092793703,device,True,6,6,8e3ce5121cc843939ca76a5a69b2fdbc,282,1
0.023771743988618255,0.023771743988618255,0.023775936104357243,device,True,1,1,efe8ae4d37894b72beb09ad3460960c5,283,1
0.024036174872890115,0.024036174872890115,0.024039567913860083,device,True,0,0,86bddaf048184fbda644a04002a17744,284,1
0.023050294956192374,0.023050294956192374,0.023053399054333568,device,True,9,9,13f99030cb544eb4bf87cd8a4ed083f4,285,1
0.023443788988515735,0.023443788988515735,0.023447020910680294,device,True,1,1,c9ba904b46c04e549620a35dcfb32870,286,1
0.023962634848430753,0.023962634848430753,0.02396625094115734,device,False,0,8,6424a03ba41f4e8a9effdd90533928de,287,1
0.02356117218732834,0.02356117218732834,0.023564053000882268,device,True,7,7,9bb975a91692492795a089972e08f7c2,288,1
0.022541562793776393,0.022541562793776393,0.022544698789715767,device,True,9,9,59737aef9c9e4ea3b9da9ff403eda426,289,1
0.0234486220870167,0.0234486220870167,0.02345217508263886,device,True,1,1,ce8c42e7f60b47d696bf9b1c80366a2f,290,1
0.023580788867548108,0.023580788867548108,0.023583893897011876,device,True,2,2,c1c907a719d74d54892a2e962b5697d9,291,1
0.023462479002773762,0.023462479002773762,0.02346580708399415,device,True,6,6,3e357e976fb346479529d0ddabdc7abe,292,1
0.022662177914753556,0.022662177914753556,0.02266502589918673,device,False,9,1,30df010f6fda46708b7777fdac488488,293,1
0.02347879996523261,0.02347879996523261,0.023481647949665785,device,True,3,3,fa08f7b93cf243e39fc020cc8be9c57e,294,1
0.023049655137583613,0.023049655137583613,0.023052728036418557,device,True,4,4,96ea4f17d8824efc8dcc7667034d487d,295,1
0.023316391045227647,0.023316391045227647,0.023319303058087826,device,True,6,6,b2725b2c706b4da0a7fda0fd05903244,296,1
0.02340461895801127,0.02340461895801127,0.023407500004395843,device,True,0,0,3830064ef8b34f7a86480952fc1fa44c,297,1
0.023438414093106985,0.023438414093106985,0.02344155008904636,device,True,0,0,a6d030ec03f74e37ae5674dd59dc6c9d,298,1
0.023446925915777683,0.023446925915777683,0.023449775064364076,device,True,6,6,30b6dcaa4f064438b552b2dff49e1992,299,1
0.022968563018366694,0.022968563018366694,0.022971508093178272,device,True,6,6,523bfc756e4841d5adfae84abb277c58,300,1
0.022823754930868745,0.022823754930868745,0.022825771011412144,device,True,6,6,164c32d666c14b1d8a92fac16d3de249,301,1
0.022476888028904796,0.022476888028904796,0.02247912809252739,device,False,3,5,9cb2241cc63347ca888421b5b875e809,302,1
0.02245221403427422,0.02245221403427422,0.022454454097896814,device,True,2,2,78f9f1a3e1324aa487c91906488363f4,303,1
0.022435060935094953,0.022435060935094953,0.022437108913436532,device,True,6,6,fb97539522a64491b9f9a31f922917da,304,1
0.022396402899175882,0.022396402899175882,0.02239912305958569,device,True,1,1,98ccff4c4c284d0fa9f3879d6b5e6df8,305,1
0.022778759943321347,0.022778759943321347,0.022780935978516936,device,True,8,8,5c0886ece5ef40ad908cd69cda820ea3,306,1
0.022412852151319385,0.022412852151319385,0.02241512411274016,device,True,2,2,7ba2dd4cf11e4e5c9eb9f59425a827ab,307,1
0.02243163692764938,0.02243163692764938,0.022433780832216144,device,True,1,1,9450ca38ad11405a919dd7a4b7519fd2,308,1
0.022414867067709565,0.022414867067709565,0.022417108062654734,device,False,6,2,0031d667b6e848eb8656f4d2d9cbaf41,309,1
0.022371120983734727,0.022371120983734727,0.022373297018930316,device,True,8,8,a749ed2dff9848a4b921edccdbe64563,310,1
0.02237736200913787,0.02237736200913787,0.022379474015906453,device,True,6,6,94ab396a3a3649e888fe773011e29593,311,1
0.022366736782714725,0.022366736782714725,0.022368944948539138,device,True,8,8,cb7b912106da43f8ad3c2392eec04af7,312,1
0.022385041927918792,0.022385041927918792,0.022387441946193576,device,False,0,2,ecbe75c656fb44ec833c1b1edc98093e,313,1
0.022435988066717982,0.022435988066717982,0.022439060965552926,device,True,4,4,fc193b9ebecf439db29bc904d712710c,314,1
0.0224172358866781,0.0224172358866781,0.022419827990233898,device,True,0,0,39be04d144764c7d85eb59e469a47bd8,315,1
0.02245643804781139,0.02245643804781139,0.022458678111433983,device,True,7,7,ad53a1bc19774cf7a99e2e2ffbb01c16,316,1
0.02240481902845204,0.02240481902845204,0.022407347103580832,device,True,7,7,9c9d10fde7cb4ec4b9a064e8dacbbaa1,317,1
0.022461622022092342,0.022461622022092342,0.022464246954768896,device,True,5,5,b40c16eb70d94fd8b449d833573b0af3,318,1
0.02239035489037633,0.02239035489037633,0.02239269088022411,device,True,5,5,feb508b81af744bba9acdc019eb1e597,319,1
0.022430709097534418,0.022430709097534418,0.022433269070461392,device,True,3,3,fab269b2b3044ab986229a73994c1664,320,1
0.02245435817167163,0.02245435817167163,0.02245717402547598,device,True,5,5,f188d1b18bfc44ad824b5dc32a54eb37,321,1
0.022373809944838285,0.022373809944838285,0.02237608190625906,device,True,2,2,051dc7e3229140ebb7759d96ed53b801,322,1
0.022416851948946714,0.022416851948946714,0.022419156040996313,device,True,3,3,c0badb43852b4ce58a3922742e32fae9,323,1
0.02242898102849722,0.02242898102849722,0.022431157063692808,device,True,4,4,a07fedeec38b4656ba47335d41b032f8,324,1
0.022911279927939177,0.022911279927939177,0.02291451208293438,device,True,1,1,793924fa26fd4249afb4b51343fdfec3,325,1
0.02297096303664148,0.02297096303664148,0.022973714862018824,device,True,7,7,01a3e50529e04a4387a2e2e3bce3a955,326,1
0.02242846880108118,0.02242846880108118,0.022430836921557784,device,True,5,5,7a5da867622f482395fa36e3d21463dd,327,1
0.022882797988131642,0.022882797988131642,0.02288526203483343,device,True,4,4,1e712219ee634c488fccd2c7dcb0a89e,328,1
0.02239109086804092,0.02239109086804092,0.0223934268578887,device,True,6,6,baeb44587d5b43a8902bc59a2d882bca,329,1
0.0223874740768224,0.0223874740768224,0.022390258964151144,device,True,1,1,e4bd72825e314b63beada84142fbae82,330,1
0.02242942899465561,0.02242942899465561,0.022432020865380764,device,True,9,9,c0a05489fdaf48d8bb640baee6ad60b6,331,1
0.022379186004400253,0.022379186004400253,0.022381329908967018,device,True,3,3,c59649c451de4ca4a450de6586f1da02,332,1
0.022382001858204603,0.022382001858204603,0.022384337848052382,device,True,6,6,ae8c147a3fa149caaa1ca7c821d70186,333,1
0.022349616046994925,0.022349616046994925,0.0223515999969095,device,True,6,6,b38d627b848b424cb99ef770f3b2f602,334,1
0.02240337897092104,0.02240337897092104,0.022405650932341814,device,True,9,9,b96080ce4a614ab7babef7c7a5193ce9,335,1
0.02235150500200689,0.02235150500200689,0.022353457054123282,device,True,3,3,ac5be8aefc314049827f1fe82dfef907,336,1
0.022358800983056426,0.022358800983056426,0.02236094488762319,device,True,8,8,b4d873d9fb2f48e999e44558dda1afcd,337,1
0.02239000308327377,0.02239000308327377,0.022392275044694543,device,True,0,0,531f342ba6244a75b6e5b417a99dd554,338,1
0.02239918685518205,0.02239918685518205,0.02240136289037764,device,True,7,7,aa0c49fc0c49484bab0c104794cfbb22,339,1
0.02241413202136755,0.02241413202136755,0.02241643611341715,device,True,2,2,0b256408f96c4178b3bcaa6d3440d177,340,1
0.022382673807442188,0.022382673807442188,0.022385105956345797,device,True,6,6,0419a0c93a81483e9830a9f5a95df525,341,1
0.022397490916773677,0.022397490916773677,0.02239960292354226,device,False,2,0,679dd5a25a3840f8acf63c473a2303c6,342,1
0.02241019601933658,0.02241019601933658,0.02241237205453217,device,True,5,5,58ab108cb47c44d59b8459227b70f062,343,1
0.022378002060577273,0.022378002060577273,0.022380498005077243,device,True,8,8,0c8f274b8f3c48a6ace3d419bc20b3e4,344,1
0.022390225902199745,0.022390225902199745,0.02239323384128511,device,True,5,5,8005334e974f4f758b9bf64d3348e309,345,1
0.0223751540761441,0.0223751540761441,0.02237749006599188,device,True,4,4,f72a3a19bf4c42579174c23011204f72,346,1
0.02244078880175948,0.02244078880175948,0.02244315785355866,device,True,6,6,904814af020a44a593edb71f904ba41c,347,1
0.022819402860477567,0.022819402860477567,0.02282164292410016,device,True,8,8,cbb7b2d8787248e7be08bd8843f04827,348,1
0.022784041007980704,0.022784041007980704,0.022786282002925873,device,True,9,9,6cbac645ed424d18a2ae4f911b93b2e7,349,1
0.022370385006070137,0.022370385006070137,0.022372561041265726,device,True,9,9,137210c2e2ed4c858423539396d65380,350,1
0.02242046780884266,0.02242046780884266,0.022422516020014882,device,True,1,1,d07ff9217d3a48a7a7a7f5fd33e9e28b,351,1
0.022377266082912683,0.022377266082912683,0.022379633970558643,device,False,0,8,30051b4a9b4541a6bfffbd530fd66af5,352,1
0.022378450026735663,0.022378450026735663,0.022380978101864457,device,True,2,2,f87ae16d931345b9a9cd56d2bd45ed19,353,1
0.022863629972562194,0.022863629972562194,0.022866541985422373,device,True,2,2,74e6b0db6e734f49937f9426b757a45c,354,1
0.02241182792931795,0.02241182792931795,0.022414067992940545,device,False,7,4,9539296a17f24047a75aafb421b5d879,355,1
0.02241214783862233,0.02241214783862233,0.02241432387381792,device,False,3,5,3236f57e75b74b329f1ddd8364ce75c6,356,1
0.0223931388463825,0.0223931388463825,0.022395186824724078,device,True,2,2,d3e5f0cf7e2d4d9c83a6dc036244f2bd,357,1
0.022397714899852872,0.022397714899852872,0.022399858804419637,device,True,8,8,eb586c5f00084bfeb0fb6f625eade39c,358,1
0.022759080165997148,0.022759080165997148,0.022761288098990917,device,True,0,0,d37bdd8fe0dc4a9c8e16d1c47891fdf5,359,1
0.022389075020328164,0.022389075020328164,0.022391155129298568,device,True,9,9,8e5a039790a14cccb96a8aca94b5a7ea,360,1
0.022392529994249344,0.022392529994249344,0.022395059000700712,device,True,5,5,c267a5d0d33b46199f9f2f7e36b138af,361,1
0.022890351014211774,0.022890351014211774,0.022892846958711743,device,True,8,8,10db4849f9804d29af2252182af93a78,362,1
0.024345825891941786,0.024345825891941786,0.024348449893295765,device,True,1,1,0d1040d2143d4d93bec9d7d954e9d4dc,363,1
0.022495416924357414,0.022495416924357414,0.02249797689728439,device,True,9,9,3b319d22134046b0835ebed6138fdee4,364,1
0.022408403921872377,0.022408403921872377,0.02241083700209856,device,True,4,4,04be36a7843541b6a548d09620c54d31,365,1
0.022398962872102857,0.022398962872102857,0.02240149094723165,device,True,1,1,13d2f2e94fff4fdd8a7f29e74bd0253f,366,1
0.022371730068698525,0.022371730068698525,0.02237387397326529,device,False,3,8,caab0bb2e229492fb6dca8b9c9e89c1f,367,1
0.022436820901930332,0.022436820901930332,0.022439094027504325,device,True,8,8,16383a2f3a734437a81deb5ab5b019bd,368,1
0.022407572017982602,0.022407572017982602,0.02240990800783038,device,True,1,1,09b6d0cffb74439d8bbf25beddd8a383,369,1
0.022727430099621415,0.022727430099621415,0.022729669930413365,device,False,4,2,5daf3f23785d43b98fa898a8c6f982da,370,1
0.022416883846744895,0.022416883846744895,0.02241915580816567,device,True,7,7,7b665615ca324dfca0b461738fef5f30,371,1
0.02237208210863173,0.02237208210863173,0.022374066058546305,device,True,9,9,17dddccf1b214bd78bf560888afc3fc4,372,1
0.022362129064276814,0.022362129064276814,0.022364305099472404,device,True,4,4,3fcaa2501f084c5488095959ff3d2995,373,1
0.02236152207478881,0.02236152207478881,0.022363474126905203,device,True,2,2,191d875b7312445ca9c668bcea95ac1e,374,1
0.022459446918219328,0.022459446918219328,0.022462006891146302,device,True,7,7,21715dfbd46244a682f2a97d5f38f36c,375,1
0.02515249513089657,0.02515249513089657,0.025154831120744348,device,False,0,3,483f2a8a8c23485c967c06a4ed732aae,376,1
0.022374259075149894,0.022374259075149894,0.02237669099122286,device,True,7,7,9300983a0d9448c0bb29108d182eae62,377,1
0.02238757093437016,0.02238757093437016,0.022390002850443125,device,False,0,8,d706f85315cc4904bfb91043f5fe1783,378,1
0.0224026117939502,0.0224026117939502,0.02240536385215819,device,True,6,6,3ec0c30d3e6e4a7f83e9f8ac529e6956,379,1
0.022404563846066594,0.022404563846066594,0.022406899835914373,device,True,6,6,99bc9d2ead654a0b83688145340852b4,380,1
0.022397426888346672,0.022397426888346672,0.022400179877877235,device,True,9,9,4c239b3310c34c76981079979e8f5e32,381,1
0.022394067142158747,0.022394067142158747,0.022396308137103915,device,True,0,0,15b683976a9747cb9905e9ab1c585930,382,1
0.022417173022404313,0.022417173022404313,0.022419732995331287,device,True,9,9,f1fac1f6e9c248b08602f578ed58ef5e,383,1
0.022415924118831754,0.022415924118831754,0.022418164182454348,device,False,2,5,77dd4b3e022c4902b0a06b7ef8a1b712,384,1
0.02237329795025289,0.02237329795025289,0.02237534592859447,device,True,8,8,b402edf3b6b3432a882497e695d72879,385,1
0.02280116220936179,0.02280116220936179,0.02280388306826353,device,True,7,7,af46372337db42968808ec683fda0ea5,386,1
0.023050296818837523,0.023050296818837523,0.02305346494540572,device,True,2,2,cdc76a04844a43fa846b35fce8bdb06f,387,1
0.022989493096247315,0.022989493096247315,0.02299230918288231,device,True,2,2,14e4a168991c4ed4857ed4fc20a6d8a9,388,1
0.023024726891890168,0.023024726891890168,0.023027766961604357,device,True,5,5,2346622f875d4d6ab418522eebe12e39,389,1
0.022702692076563835,0.022702692076563835,0.022705221083015203,device,True,1,1,c90ab94c56e545748ee299848c3793a3,390,1
0.022525146836414933,0.022525146836414933,0.02252786699682474,device,True,2,2,fd5a934abb8b409da1eb93987f9e6c24,391,1
0.022434710059314966,0.022434710059314966,0.022437174106016755,device,True,6,6,70e558636069463a9d44149aa638b620,392,1
0.022436917992308736,0.022436917992308736,0.022439541993662715,device,True,2,2,423a1267477247e5be857ad1a70a6ef9,393,1
0.02237576199695468,0.02237576199695468,0.022378291003406048,device,True,9,9,5e5a5aab2907405cb11437c3e4b51696,394,1
0.02239720313809812,0.02239720313809812,0.0223995391279459,device,True,6,6,c5e243309de143638f043c58fc023066,395,1
0.022391411010175943,0.022391411010175943,0.022393459221348166,device,True,2,2,d955d4ebad774a2aac4abe88041179db,396,1
0.022375857923179865,0.022375857923179865,0.02237793803215027,device,True,3,3,3fddc65584944975bd06a8cb425ec0cf,397,1
0.02242181310430169,0.02242181310430169,0.02242386108264327,device,True,0,0,fbaf0bfa5e284a49aaacb4041b4df851,398,1
0.022403476992622018,0.022403476992622018,0.022405748954042792,device,True,3,3,b06098a5ea6a4f23b460b9a2fcd86541,399,1
0.022430357988923788,0.022430357988923788,0.022432246012613177,device,True,9,9,20d4760d68954d9a93405db4a175c7c0,400,1
0.02234392100945115,0.02234392100945115,0.022346001118421555,device,True,8,8,f39e981c16834fad836b137b08592a6a,401,1
0.02328186109662056,0.02328186109662056,0.023284806171432137,device,True,7,7,6fc431213dbc440fbd0f973ed13a259e,402,1
0.022420468972995877,0.022420468972995877,0.022422933019697666,device,True,8,8,e20167f4a40c44218c30a5a15d2157f1,403,1
0.02237636991776526,0.02237636991776526,0.022378610912710428,device,True,8,8,8ac3e824e9624ed79bc12aa61c018840,404,1
0.02240216382779181,0.02240216382779181,0.02240417990833521,device,True,4,4,fe48e648215144e0a76c35d3d7cf97b6,405,1
0.022407668875530362,0.022407668875530362,0.02241010102443397,device,True,0,0,f4c274c093bc46e4a3ff7bc9bb4cce5c,406,1
0.02238654694519937,0.02238654694519937,0.02238843496888876,device,True,1,1,9153df7afd4c40739735d0dcec6d1155,407,1
0.022410388803109527,0.022410388803109527,0.02241246891207993,device,True,8,8,bfac8fc5ab12438fbf877a819f79a6aa,408,1
0.02242139703594148,0.02242139703594148,0.022423605201765895,device,True,2,2,a123ad17555c4878b39ac2223fc3ef0b,409,1
0.022435158025473356,0.022435158025473356,0.022437237901613116,device,True,7,7,da1b7f8f992e4580856da8fbc382b3aa,410,1
0.022409141063690186,0.022409141063690186,0.022411189042031765,device,False,9,8,b5a90454088e42b2b9e41b7b95bba0d0,411,1
0.02240907703526318,0.02240907703526318,0.02241170103661716,device,True,3,3,12143b38b8f14af0ae56a017fc6d6757,412,1
0.022399668116122484,0.022399668116122484,0.022402004105970263,device,True,6,6,46360ef09b3d47eeb3f1c46a9450612b,413,1
0.02233083196915686,0.02233083196915686,0.022333231987431645,device,True,1,1,4590c05f3b334d2aaa56ae2b7c3f2a5a,414,1
0.02235035295598209,0.02235035295598209,0.022353105014190078,device,True,9,9,004723ea867345cebf1902cbd0563f8c,415,1
0.02240123599767685,0.02240123599767685,0.02240344393067062,device,True,0,0,895957a8c8ee492fa9562c556c3b503c,416,1
0.022831692127510905,0.022831692127510905,0.02283380413427949,device,True,7,7,12dc820db53c4e95ba17f06cd7a43b84,417,1
0.02358459890820086,0.02358459890820086,0.02358779893256724,device,True,3,3,9d1f0662b2ed40a18733ba9b5931a0ae,418,1
0.02339310012757778,0.02339310012757778,0.02339620515704155,device,True,7,7,93dec197f41c44e8a5145e08aeee0fca,419,1
0.02284106914885342,0.02284106914885342,0.022843949031084776,device,True,4,4,1b6c8ebfdd2844a1910894fdb29b55a2,420,1
0.022392180049791932,0.022392180049791932,0.02239464409649372,device,True,5,5,5666db17b86840ceb21f8d1c599cee6d,421,1
0.022406419971957803,0.022406419971957803,0.022408691933378577,device,True,0,0,7d0c23430dc344daa1b1db4995c9ff3f,422,1
0.02239464409649372,0.02239464409649372,0.0223966920748353,device,True,0,0,cd45acb17f1a41eca563b56bceadd42d,423,1
0.02244091802276671,0.02244091802276671,0.022443382069468498,device,True,2,2,bcaf0c60943c46869daa26e08eac9a67,424,1
0.02334176911972463,0.02334176911972463,0.02334381709806621,device,True,9,9,643b5c9046654a2e921e481fcc79f528,425,1
0.022474455880001187,0.022474455880001187,0.022476888028904796,device,False,3,6,f22abea65fdc4b649630f001f24b1383,426,1
0.022431446006521583,0.022431446006521583,0.022434613900259137,device,False,4,3,0c4907ab0c984312bfbe05655fefdc53,427,1
0.02285950188525021,0.02285950188525021,0.022861901903524995,device,False,0,8,056e54cc2a7749de9a9ad1385d4299d2,428,1
0.02246159198693931,0.02246159198693931,0.022464088164269924,device,True,6,6,c8afe2de920242ee9d488e87c28c0bde,429,1
0.02246187999844551,0.02246187999844551,0.02246437594294548,device,True,2,2,9f673eb6d7b7419791ffbf8f9607736a,430,1
0.02243330213241279,0.02243330213241279,0.022435254184529185,device,True,5,5,d604601551a24c91a7a8002e43e08e7c,431,1
0.022442805813625455,0.022442805813625455,0.022445269860327244,device,True,3,3,85d03fdb020e4e1bbc55fa8db9d67aa1,432,1
0.022430005948990583,0.022430005948990583,0.022432213881984353,device,False,7,0,60feb7e851054eef8a8f0ee2b32b076e,433,1
0.022449687123298645,0.022449687123298645,0.02245195908471942,device,True,3,3,950ce1698ceb462ea2a540417867bed0,434,1
0.022414004895836115,0.022414004895836115,0.02241653297096491,device,True,7,7,68693c28a4254f358ed76e407d65b3a5,435,1
0.02240024390630424,0.02240024390630424,0.022402548929676414,device,True,2,2,12f7770524694133be6128c18ab5a809,436,1
0.022392435930669308,0.022392435930669308,0.022394580068066716,device,True,5,5,c573adab6ae540888d8e07a12c1b7e78,437,1
0.0224166929256171,0.0224166929256171,0.022418837994337082,device,True,3,3,90c4f3262ff849e290f8964c335f63bc,438,1
0.02244642307050526,0.02244642307050526,0.022448823088780046,device,True,1,1,5acf6354892d445ab06f8e8d32262bda,439,1
0.022406900068745017,0.022406900068745017,0.022409043973311782,device,True,1,1,d9934c02638b47f49d75ef6af0f845ea,440,1
0.0228355647996068,0.0228355647996068,0.022837644908577204,device,False,4,7,40b9b1396092496281cbbed87cb9f46b,441,1
0.02245448692701757,0.02245448692701757,0.022456791019067168,device,True,9,9,c2fdafa4ac3f474886f5e7c688178ca9,442,1
0.02241173293441534,0.02241173293441534,0.022414229111745954,device,True,9,9,629e235266254d64b4994fc2ef4bcf9f,443,1
0.022402676986530423,0.022402676986530423,0.022404565010219812,device,True,5,5,b7d299ac33e2408eb52b3f514e673771,444,1
0.022475321078673005,0.022475321078673005,0.02247759304009378,device,True,7,7,eaccae83181f49d2b0b8da66af65504d,445,1
0.022489113034680486,0.022489113034680486,0.02249138499610126,device,True,5,5,1c84b3bf7706461aaab7b5061f3b36b6,446,1
0.02242831001058221,0.02242831001058221,0.022430678131058812,device,True,0,0,0ca5ffc656b04f238a752b18bbf5a930,447,1
0.022404053015634418,0.022404053015634418,0.022406644886359572,device,True,2,2,ea0e9eda69934479866a4257664ad8eb,448,1
0.02236869093030691,0.02236869093030691,0.022371059050783515,device,False,2,0,6316ab9f94f54a7197617d841de796ff,449,1
0.022427190095186234,0.022427190095186234,0.022429429925978184,device,True,2,2,d2ac7ccb2cba4bf89cc333d308d352cb,450,1
0.022389972116798162,0.022389972116798162,0.022392211947590113,device,True,9,9,5475a6d0b94749f5b69bd1ca9d282df4,451,1
0.02242127014324069,0.02242127014324069,0.022423382150009274,device,True,7,7,a52bf0caf6e94332aea915b0ac23a9ca,452,1
0.022383700124919415,0.022383700124919415,0.02238597208634019,device,True,3,3,7cf6e7f880224b18a509434755249230,453,1
0.022377331042662263,0.022377331042662263,0.022379826987162232,device,True,9,9,7ed611dab7354afcab86e5db0c25a551,454,1
0.02239569998346269,0.02239569998346269,0.022398003842681646,device,True,4,4,14bb3e04158c426b8205f88a464da58b,455,1
0.02238360303454101,0.02238360303454101,0.02238581096753478,device,False,3,4,c3c48587951a4e08bca45ae7d244d009,456,1
0.022393363993614912,0.022393363993614912,0.0223955400288105,device,True,5,5,90c9b80eb3e146daae7667196ddea57b,457,1
0.0224098761100322,0.0224098761100322,0.022412021178752184,device,True,4,4,9c7597968e3b4a0f8d3941f29f9caf65,458,1
0.022379283094778657,0.022379283094778657,0.02238139510154724,device,False,6,2,5df7fc8f62be4b81a974165116e56091,459,1
0.022421238012611866,0.022421238012611866,0.022423574002459645,device,True,5,5,e4c82ab079454e25b9b4a35425b3d0e8,460,1
0.022434198996052146,0.022434198996052146,0.0224365028552711,device,True,6,6,3a6caca593404aa09dc641e8f7e1354a,461,1
0.02239653212018311,0.02239653212018311,0.02239874005317688,device,True,1,1,dde13b3bc15f490fb328ec2791769db6,462,1
0.02283156500197947,0.02283156500197947,0.02283393288962543,device,True,4,4,7122c73865c44b96b0c09c67ee525ca8,463,1
0.02241490106098354,0.02241490106098354,0.022417141124606133,device,True,3,3,c2660070370b4509832ed1b450df1196,464,1
0.022380946902558208,0.022380946902558208,0.02238328382372856,device,True,4,4,3704ca336e8f4a998769937f4643ef2e,465,1
0.022417492931708694,0.022417492931708694,0.022419764893129468,device,True,4,4,19cb3d7949f549c4aeb3b35332d4a6b2,466,1
0.022377267014235258,0.022377267014235258,0.022379603004083037,device,True,3,3,70946fb8bd424462876fefd64ad3a171,467,1
0.022386963944882154,0.022386963944882154,0.02238939586095512,device,False,7,5,d8b5b08216a44ab6a8d15e45730fb408,468,1
0.02241259696893394,0.02241259696893394,0.02241483796387911,device,True,8,8,5592e244852d443294ffa4ba5fb5880d,469,1
0.02239854820072651,0.02239854820072651,0.02240062807686627,device,False,3,4,639dbeead1e24ab8b43c027bb3eeabb4,470,1
0.022372594103217125,0.022372594103217125,0.02237467491067946,device,True,7,7,431bdd069b984c4eb78c41021681ddff,471,1
0.022397269029170275,0.022397269029170275,0.02239909302443266,device,True,8,8,8c553336a73c436883fdc029c6bb7e29,472,1
0.022365075070410967,0.022365075070410967,0.02236747508868575,device,True,0,0,8739746a3c4149599aba569d30bbccdd,473,1
0.02244066307321191,0.02244066307321191,0.022442871006205678,device,True,5,5,f848202c12b64863a88a4abb76ffd823,474,1
0.022412757854908705,0.022412757854908705,0.02241486986167729,device,True,7,7,9eb1e628c397495f9113d610c539e036,475,1
0.02235912182368338,0.02235912182368338,0.02236158587038517,device,False,6,5,d28cae32df2b46f0a37fb307861bbdc6,476,1
0.022406676784157753,0.022406676784157753,0.022409013006836176,device,True,0,0,a3ac9298b1a04679848ffbe6602d5785,477,1
0.022448600037023425,0.022448600037023425,0.022450583986938,device,True,5,5,3bba8b3679084a9b9e83a2619f386a57,478,1
0.02338215592317283,0.02338215592317283,0.023385131964460015,device,True,4,4,29af65db41a84a06a03e6cf1824706e9,479,1
0.03107801708392799,0.03107801708392799,0.031080993125215173,device,True,8,8,696263c54711473f83038fe01c9331c3,480,1
0.024043314158916473,0.024043314158916473,0.024046834092587233,device,True,6,6,966d2a8f40cf408a9d528a1b5c753deb,481,1
0.023894826183095574,0.023894826183095574,0.023898346116766334,device,True,8,8,b3bce0db813d44b4b57b90137ccba564,482,1
0.023958957055583596,0.023958957055583596,0.02396286092698574,device,False,5,3,9513c197800f434cb316edc87c14a57f,483,1
0.023769346997141838,0.023769346997141838,0.023772963089868426,device,True,5,5,85968884aa6e4616bff7dad0b10e8a4a,484,1
0.023577878950163722,0.023577878950163722,0.02358136815018952,device,True,9,9,004692c0e84d4721b6e8d995c32ec047,485,1
0.023420751094818115,0.023420751094818115,0.023423695005476475,device,True,9,9,5b9a1f7dd6cf40ac820044c6846b4419,486,1
0.024316353956237435,0.024316353956237435,0.024320514174178243,device,True,9,9,d40e2094a6424906a619dea22bfe5c5a,487,1
0.026785261929035187,0.026785261929035187,0.02678849408403039,device,True,5,5,83b96d70d3094bd6aba1e5946f444502,488,1
0.024050930980592966,0.024050930980592966,0.02405464299954474,device,True,0,0,73c0a26f67124805a3cdbd242f227976,489,1
0.02343835192732513,0.02343835192732513,0.023441360099241138,device,True,1,1,b086a72ea29541bfad8f0d1edfc2ae6b,490,1
0.023417423013597727,0.023417423013597727,0.023419887060299516,device,True,0,0,77038e299b484722997002c9482f2c0e,491,1
0.025113326963037252,0.025113326963037252,0.025116431061178446,device,True,8,8,ff2d0e8bb6dc4925b05027f9c0ac7cf4,492,1
0.023065497865900397,0.023065497865900397,0.02306863386183977,device,True,1,1,375998f251b14a1b9eb4a61a1226f13f,493,1
0.023422734113410115,0.023422734113410115,0.023426062194630504,device,True,1,1,f0d2184149ef4ff4bd05fb0219c312b5,494,1
0.023199873976409435,0.023199873976409435,0.02320262696594,device,True,8,8,94d71bfe792b4e5c9619878d93808c0d,495,1
0.022994359023869038,0.022994359023869038,0.022997367195785046,device,True,0,0,cb98ffda5d9c436c8317bc93813379bc,496,1
0.02335847495123744,0.02335847495123744,0.023362058913335204,device,False,2,5,730259c6a673463cad8d2c64d245a177,497,1
0.024427656084299088,0.024427656084299088,0.02443063212558627,device,True,2,2,e5f507d27c4b4671b157dd75b9a19593,498,1
0.022453976096585393,0.022453976096585393,0.022456600097939372,device,True,0,0,b6eedd6865e24c319957ff9bb9bf27f9,499,1
