threshold,final_accuracy,after_block3_isolated_accuracy,after_block3_rate,after_block3_accuracy,after_block6_isolated_accuracy,after_block6_rate,after_block6_accuracy,after_block9_isolated_accuracy,after_block9_rate,after_block9_accuracy,after_block3_sequential_rate,after_block3_sequential_accuracy,after_block6_sequential_rate,after_block6_sequential_accuracy,after_block9_sequential_rate,after_block9_sequential_accuracy,final_rate,overall_accuracy
0.0,96.76503077165852,54.68676029667035,100.0,54.68676029667035,79.33564778286255,100.0,79.33564778286255,89.57708694966072,100.0,89.57708694966072,100.0,54.68676029667035,0.0,0.0,0.0,0.0,0.0,54.68676029667035
0.01,96.76503077165852,54.68676029667035,100.0,54.68676029667035,79.33564778286255,100.0,79.33564778286255,89.57708694966072,100.0,89.57708694966072,100.0,54.68676029667035,0.0,0.0,0.0,0.0,0.0,54.68676029667035
0.02,96.76503077165852,54.68676029667035,100.0,54.68676029667035,79.33564778286255,100.0,79.33564778286255,89.57708694966072,100.0,89.57708694966072,100.0,54.68676029667035,0.0,0.0,0.0,0.0,0.0,54.68676029667035
0.03,96.76503077165852,54.68676029667035,100.0,54.68676029667035,79.33564778286255,100.0,79.33564778286255,89.57708694966072,100.0,89.57708694966072,100.0,54.68676029667035,0.0,0.0,0.0,0.0,0.0,54.68676029667035
0.04,96.76503077165852,54.68676029667035,100.0,54.68676029667035,79.33564778286255,100.0,79.33564778286255,89.57708694966072,100.0,89.57708694966072,100.0,54.68676029667035,0.0,0.0,0.0,0.0,0.0,54.68676029667035
0.05,96.76503077165852,54.68676029667035,100.0,54.68676029667035,79.33564778286255,100.0,79.33564778286255,89.57708694966072,100.0,89.57708694966072,100.0,54.68676029667035,0.0,0.0,0.0,0.0,0.0,54.68676029667035
0.06,96.76503077165852,54.68676029667035,99.98421966230077,54.69539141414141,79.33564778286255,100.0,79.33564778286255,89.57708694966072,100.0,89.57708694966072,99.98421966230077,54.69539141414141,0.015780337699226762,100.0,0.0,0.0,0.0,54.702540634369576
0.07,96.76503077165852,54.68676029667035,99.95265898690232,54.712661825071045,79.33564778286255,100.0,79.33564778286255,89.57708694966072,100.0,89.57708694966072,99.95265898690232,54.712661825071045,0.04734101309768029,50.0,0.0,0.0,0.0,54.71043080321919
0.08,96.76503077165852,54.68676029667035,99.82641628530851,54.76604489408789,79.33564778286255,100.0,79.33564778286255,89.57708694966072,100.0,89.57708694966072,99.82641628530851,54.76604489408789,0.1735837146914944,36.36363636363637,0.0,0.0,0.0,54.73410130976803
0.09,96.76503077165852,54.68676029667035,99.41612750512861,54.95238095238095,79.33564778286255,99.99210983115039,79.34190799337173,89.57708694966072,100.0,89.57708694966072,99.41612750512861,54.95238095238095,0.5838724948713903,56.75675675675676,0.0,0.0,0.0,54.96291620640682
0.1,96.76503077165852,54.68676029667035,98.72179264636263,55.234974424552426,79.33564778286255,99.98421966230077,79.3481691919192,89.57708694966072,100.0,89.57708694966072,98.72179264636263,55.234974424552426,1.278207353637368,50.0,0.0,0.0,0.0,55.168060596496765
0.11,96.76503077165852,54.68676029667035,97.95644626795013,55.5618203785743,79.33564778286255,99.94476881805271,79.37949001342069,89.57708694966072,100.0,89.57708694966072,97.95644626795013,55.5618203785743,2.0356635632002527,50.3875968992248,0.007890168849613381,100.0,0.0,55.45999684393246
0.12,96.76503077165852,54.68676029667035,96.89127347325233,55.98534201954397,79.33564778286255,99.90531797380464,79.41083557099984,89.57708694966072,100.0,89.57708694966072,96.89127347325233,55.98534201954397,3.077165851349219,54.1025641025641,0.031560675398453523,50.0,0.0,55.92551680605965
0.13,96.76503077165852,54.68676029667035,95.60517595076534,56.598167863332506,79.33564778286255,99.84219662300774,79.4452347083926,89.57708694966072,99.96054915575193,89.6045465309022,95.60517595076534,56.598167863332506,4.347483036136973,54.62794918330309,0.04734101309768029,66.66666666666667,0.0,56.517279469780654
0.14,96.76503077165852,54.68676029667035,94.05870285624113,57.33579397701535,79.33564778286255,99.78696544106045,79.48129991302285,89.57708694966072,99.94476881805271,89.61869424488829,94.05870285624113,57.33579397701535,5.862395455262742,56.123822341857334,0.07890168849613381,70.0,0.0,57.274735679343536
0.15,96.76503077165852,54.68676029667035,92.40176739782231,58.116300913670905,79.33564778286255,99.72384409026353,79.52369649497587,89.57708694966072,99.88953763610542,89.66824644549763,92.40176739782231,58.116300913670905,7.471989900583872,57.550158394931366,0.11835253274420073,60.0,0.007890168849613381,58.079532902004104
0.16,96.76503077165852,54.68676029667035,90.326652990374,58.988469601677146,79.33564778286255,99.5897112198201,79.62288068451909,89.57708694966072,99.8185261164589,89.70041893921429,90.326652990374,58.988469601677146,9.483982957235284,60.39933444259567,0.18147388354110777,52.17391304347826,0.007890168849613381,59.11314502130345
0.17,96.76503077165852,54.68676029667035,88.51191415496291,59.88589766446782,79.33564778286255,99.4713586870759,79.70968509558182,89.57708694966072,99.8185261164589,89.70041893921429,88.51191415496291,59.88589766446782,11.235600441849456,60.18258426966292,0.23670506548840145,50.0,0.015780337699226762,59.902161906264794
0.18,96.76503077165852,54.68676029667035,86.52359160486034,60.678460696698885,79.33564778286255,99.28199463468518,79.82992926964953,89.57708694966072,99.75540476566198,89.74135885470221,86.52359160486034,60.678460696698885,13.105570459207827,61.348585189644794,0.3471674293829888,59.09090909090909,0.023670506548840144,60.77008047972227
0.19,96.76503077165852,54.68676029667035,84.48003787281048,61.52984029139815,79.33564778286255,98.96638788070065,80.00478354460655,89.57708694966072,99.68439324601546,89.78154187114137,84.48003787281048,61.52984029139815,14.991320814265425,62.36842105263158,0.4734101309768029,63.333333333333336,0.05523118194729367,61.677449897427806
0.2,96.76503077165852,54.68676029667035,82.52327599810636,62.376900277273165,79.33564778286255,98.67445163326495,80.16951863105709,89.57708694966072,99.58182105097049,89.87401949132398,82.52327599810636,62.376900277273165,16.79816948082689,63.644903710662284,0.6154331702698438,62.82051282051282,0.06312135079690705,62.608489821682184
0.21,96.76503077165852,54.68676029667035,80.67697648729683,63.2078239608802,79.33564778286255,98.37462521697964,80.37375681745267,89.57708694966072,99.5265898690232,89.92389408593625,80.67697648729683,63.2078239608802,18.415654094997635,64.69580119965724,0.8363578980590185,61.320754716981135,0.07101151964652043,63.47640839513966
0.22,96.76503077165852,54.68676029667035,78.72021461259271,64.08740102235141,79.33564778286255,98.07479880069434,80.55510860820596,89.57708694966072,99.42401767397823,90.00079358781049,78.72021461259271,64.08740102235141,20.09626005996528,65.13545347467608,1.0809531323970334,62.77372262773723,0.10257219504497396,64.29698595549945
0.23,96.76503077165852,54.68676029667035,76.61353952974594,65.31410916580845,79.33564778286255,97.72763137131135,80.75246245761343,89.57708694966072,99.32144547893324,90.05401970130283,76.61353952974594,65.31410916580845,21.88732838882752,66.14996395097333,1.364999210983115,63.58381502890173,0.13413287044342748,65.48840145179106
0.24,96.76503077165852,54.68676029667035,74.8224712008837,66.29758515237793,79.33564778286255,97.32523275998106,80.9566274827726,89.57708694966072,99.21887328388827,90.12326043737575,74.8224712008837,66.29758515237793,23.315448950607543,66.66666666666667,1.6490452895691967,66.50717703349282,0.2130345589395613,66.41944137604544
0.25,96.76503077165852,54.68676029667035,73.03929304087107,67.30042130279789,79.33564778286255,96.85182262900426,81.23014256619145,89.57708694966072,99.08474041344485,90.19748367574455,73.03929304087107,67.30042130279789,24.759349850086792,67.36775015933716,1.9173110304560517,67.48971193415638,0.2840460785860817,67.34259113145022
0.26,96.76503077165852,54.68676029667035,71.2876755562569,68.31211953514112,79.33564778286255,96.346851822629,81.51666530177708,89.57708694966072,98.91904686760297,90.30070989869985,71.2876755562569,68.31211953514112,26.03755720372416,68.27272727272727,2.3275998106359475,64.7457627118644,0.3471674293829888,68.24207038030613
0.27,96.76503077165852,54.68676029667035,69.42559570774814,69.28060006818957,79.33564778286255,95.7471989900584,81.86238154099712,89.57708694966072,98.7612434906107,90.40504913317888,69.42559570774814,69.28060006818957,27.39466624585766,68.95161290322581,2.808900110462364,65.4494382022472,0.37083793593182895,69.1099889537636
0.28,96.76503077165852,54.68676029667035,67.60296670348745,70.2264239028945,79.33564778286255,95.32112987217927,82.12896283420247,89.57708694966072,98.50086791857346,90.5799423261775,67.60296670348745,70.2264239028945,28.751775287991162,69.86827661909989,3.163957708694966,67.83042394014963,0.4813002998264163,70.08836989111568
0.29,96.76503077165852,54.68676029667035,65.85134921887328,71.0999281092739,79.33564778286255,94.7530377150071,82.38820884336748,89.57708694966072,98.27205302193467,90.72661581694099,65.85134921887328,71.0999281092739,29.951080953132397,70.75869336143309,3.6058071642733154,70.24070021881838,0.5917626637210036,71.00362947767083
0.3,96.76503077165852,54.68676029667035,64.34432696859713,71.91906805640711,79.33564778286255,94.17705538898532,82.64912868632707,89.57708694966072,98.06690863184473,90.8520395848419,64.34432696859713,71.91906805640711,30.96102256588291,71.30479102956167,3.9845352690547577,71.2871287128713,0.7101151964652044,71.74530534953448
0.31,96.76503077165852,54.68676029667035,62.8530850560202,72.7466733617876,79.33564778286255,93.6878649203093,82.93751052720229,89.57708694966072,97.93277576140129,90.88785046728972,62.8530850560202,72.7466733617876,32.01041502288149,72.07296031550406,4.300142023039293,71.55963302752293,0.8363578980590185,72.55010257219504
0.32,96.76503077165852,54.68676029667035,61.11724790910525,73.68964626904209,79.33564778286255,93.06454158118984,83.29800763035185,89.57708694966072,97.80653305980748,90.972894482091,61.11724790910525,73.68964626904209,33.18605018147388,72.63433190679982,4.765661985166482,71.8543046357616,0.9310399242543791,73.33911945715639
0.33,96.76503077165852,54.68676029667035,59.80747988006944,74.36675461741424,79.33564778286255,92.38598706012309,83.67922111196515,89.57708694966072,97.62505917626638,91.0369352622646,59.80747988006944,74.36675461741424,33.927726053337544,73.55813953488372,5.231181947293672,72.85067873303167,1.033612119299353,74.08079532902003
0.34,96.76503077165852,54.68676029667035,58.363578980590184,75.27375963228336,79.33564778286255,91.76266372100363,83.94668959587274,89.57708694966072,97.34101309768029,91.17289454486504,58.363578980590184,75.27375963228336,34.76408395139656,74.19428052655469,5.680921571721635,73.75,1.1914154962916206,74.89348272053022
0.35,96.76503077165852,54.68676029667035,56.96701909420862,76.0803324099723,79.33564778286255,91.1551207195834,84.33307366052108,89.57708694966072,97.07274735679344,91.29480614484272,56.96701909420862,76.0803324099723,35.616222187154804,75.01107665042092,6.1069906896007575,72.99741602067184,1.3097680290358213,75.57992741044659
0.36,96.76503077165852,54.68676029667035,55.531008363578984,76.96788860471725,79.33564778286255,90.60280890011046,84.63816075938344,89.57708694966072,96.8123717847562,91.44254278728606,55.531008363578984,76.96788860471725,36.51570143601073,75.62662057044079,6.4936089632318135,73.14702308626974,1.4596812371784755,76.2979327757614
0.37,96.76503077165852,54.68676029667035,54.16600915259586,77.5673707210488,79.33564778286255,89.99526589869023,84.93775206031913,89.57708694966072,96.47309452422282,91.58419890406478,54.16600915259586,77.5673707210488,37.3204986586713,76.36363636363636,6.848666561464415,74.07834101382488,1.6648256272684236,76.95281679027931
0.38,96.76503077165852,54.68676029667035,52.903582136657725,78.47874720357942,79.33564778286255,89.35616222187154,85.29801324503312,89.57708694966072,96.2206091210352,91.73431734317343,52.903582136657725,78.47874720357942,37.95960233548998,77.2396591145292,7.243175003945084,74.61873638344227,1.8936405239072116,77.82073536373679
0.39,96.76503077165852,54.68676029667035,51.55436326337384,79.29292929292929,79.33564778286255,88.70127820735364,85.67870485678705,89.57708694966072,95.98390405554679,91.89478010686395,51.55436326337384,79.29292929292929,38.57503550575982,78.11413376968706,7.763926148019568,75.8130081300813,2.106675082846773,78.67287359949503
0.4,96.76503077165852,54.68676029667035,50.378728104781445,79.95301487862177,79.33564778286255,88.14107621903109,85.99946289499597,89.57708694966072,95.77875966545685,91.96803690584068,50.378728104781445,79.95301487862177,39.19835884487928,78.90499194847021,8.126873915101783,76.11650485436893,2.296039135237494,79.3040871074641
0.41,96.76503077165852,54.68676029667035,49.13208142654253,80.85755580536375,79.33564778286255,87.39151017831782,86.35789093535573,89.57708694966072,95.4631529114723,92.09852053888751,49.13208142654253,80.85755580536375,39.703329651254535,79.3322734499205,8.623954552627426,76.30375114364135,2.5406343695755087,79.92741044658355
0.42,96.76503077165852,54.68676029667035,47.85387407290516,81.45094806265458,79.33564778286255,86.71295565725107,86.73339399454049,89.57708694966072,95.21066750828467,92.21015994033314,47.85387407290516,81.45094806265458,40.31876282152438,80.01956947162427,9.113145021303456,76.7965367965368,2.7142180842670034,80.51128294145495
0.43,96.76503077165852,54.68676029667035,46.891273473252326,82.06293117953895,79.33564778286255,85.95549944768818,87.03873691940518,89.57708694966072,94.87139024775131,92.34863606121091,46.891273473252326,82.06293117953895,40.5081268739151,80.4246201791975,9.641786334227552,77.74140752864157,2.958813318605018,81.03203408552943
0.44,96.76503077165852,54.68676029667035,45.83399084740414,82.66483043553107,79.33564778286255,85.16648256272684,87.4189364461738,89.57708694966072,94.58734416916522,92.50917584250918,45.83399084740414,82.66483043553107,40.871074640997314,80.9073359073359,10.138866971753195,77.7431906614786,3.1560675398453526,81.46599337225817
0.45,96.76503077165852,54.68676029667035,44.88717058545053,83.14290736509052,79.33564778286255,84.50370837935932,87.77777777777777,89.57708694966072,94.27173741518068,92.65148978908604,44.88717058545053,83.14290736509052,41.17090105728263,81.62131084706785,10.533375414233864,78.42696629213484,3.408552943032981,81.99463468518226
0.46,96.76503077165852,54.68676029667035,43.845668297301565,83.71423429908224,79.33564778286255,83.73836200094682,88.13719023838688,89.57708694966072,93.8141076219031,92.8847771236333,43.845668297301565,83.71423429908224,41.423386460470255,82.15238095238095,11.030456051759508,79.32761087267525,3.700489190468676,82.5469465046552
0.47,96.76503077165852,54.68676029667035,42.76471516490453,84.39114391143912,79.33564778286255,83.05980747988006,88.47724897881638,89.57708694966072,93.50639103676819,93.00480972069867,42.76471516490453,84.39114391143912,41.85734574719899,82.82752120640905,11.306611961495976,80.04187020237265,4.071327126400505,83.15448950607544
0.48,96.76503077165852,54.68676029667035,41.76266372100363,84.99905535613074,79.33564778286255,82.38914312766293,88.81440337100172,89.57708694966072,93.0961022565883,93.19433850326298,41.76266372100363,84.99905535613074,42.10983115038662,83.43638748360502,11.693230235127032,81.10661268556005,4.434274893482721,83.73047183209721
0.49,96.76503077165852,54.68676029667035,40.81584345905002,85.50164314710999,79.33564778286255,81.63168691810004,89.13589793156775,89.57708694966072,92.76471516490453,93.28910436335799,40.81584345905002,85.50164314710999,42.24396402083005,84.01195367949197,12.190310872652674,80.97087378640776,4.749881647467256,84.15654094997633
0.5,96.76503077165852,54.68676029667035,40.08994792488559,85.94764810076757,79.33564778286255,80.94524222818369,89.4336679988303,89.57708694966072,92.31497554047657,93.53846153846153,40.08994792488559,85.94764810076757,42.307085371626954,84.53935098843715,12.490137288937984,81.9330385344283,5.112829414549472,84.68518226290043
0.51,96.76503077165852,54.68676029667035,39.09578664983431,86.53884964682139,79.33564778286255,80.23512703171848,89.76300521191858,89.57708694966072,91.77055388985325,93.775255781962,39.09578664983431,86.53884964682139,42.61480195676187,85.07683762266247,12.805744042922518,82.43992606284658,5.4836673504813005,85.2059334069749
0.52,96.76503077165852,54.68676029667035,38.28309925832413,87.03627370156636,79.33564778286255,79.367208458261,90.08847797991848,89.57708694966072,91.25769291462838,93.93913193844025,38.28309925832413,87.03627370156636,42.61480195676187,85.55822995741529,13.223922991952028,82.51789976133652,5.87817579296197,85.59255168060596
0.53,96.76503077165852,54.68676029667035,37.3204986586713,87.52642706131078,79.33564778286255,78.53085056020198,90.43504471013765,89.57708694966072,90.918415654095,94.05536752581793,37.3204986586713,87.52642706131078,42.780495502603756,86.14902250092217,13.67366261637999,82.9197922677438,6.225343222344958,86.06596181158277
0.54,96.76503077165852,54.68676029667035,36.578822786807635,88.05004314063848,79.33564778286255,77.74972384409027,90.69413436168054,89.57708694966072,90.50023670506549,94.1848299912816,36.578822786807635,88.05004314063848,42.67792330755878,86.59641338509891,14.178633422755247,83.24986087924319,6.564620482878333,86.46047025406344
0.55,96.76503077165852,54.68676029667035,35.83714691494398,88.57331571994716,79.33564778286255,77.08694966072274,90.96212896622313,89.57708694966072,90.08994792488559,94.3159922928709,35.83714691494398,88.57331571994716,42.73315448950608,87.03840472673559,14.502130345589396,84.00435255712732,6.927568249960549,86.9102098784914
0.56,96.76503077165852,54.68676029667035,35.048130029982644,89.0139576767222,79.33564778286255,76.44784598390406,91.17555991330374,89.57708694966072,89.58497711851034,94.57459926017263,35.048130029982644,89.0139576767222,42.851507022250274,87.44245995212668,14.74672557992741,84.75120385232745,7.353637367839672,87.31260848982168
0.57,96.76503077165852,54.68676029667035,34.243332807322076,89.49308755760369,79.33564778286255,75.69827994319078,91.44256827183656,89.57708694966072,89.0878964809847,94.84545213001506,34.243332807322076,89.49308755760369,42.9225185418968,87.84926470588235,15.038661827363105,85.7292759706191,7.795486823418021,87.78601862079849
0.58,96.76503077165852,54.68676029667035,33.509547104308034,90.01648222274547,79.33564778286255,75.01972542212404,91.73327724021877,89.57708694966072,88.69338803850403,95.00934080597811,33.509547104308034,90.01648222274547,42.93040871074641,88.20069840102923,15.3305980747988,86.36129696345857,8.229446110146757,88.204197569828
0.59,96.76503077165852,54.68676029667035,32.74420072589553,90.43373493975903,79.33564778286255,74.44374309610225,92.08267090620032,89.57708694966072,88.29887959602335,95.21043695827004,32.74420072589553,90.43373493975903,43.009310399242544,88.79104751421758,15.614644153384882,87.06417382516422,8.631844721477039,88.66182736310557
0.6,96.76503077165852,54.68676029667035,31.947293672084584,90.93603358854038,79.33564778286255,73.69417705538899,92.3982869379015,89.57708694966072,87.90437115354268,95.32357957095414,31.947293672084584,90.93603358854038,43.03298090579138,89.23725705903924,15.969701751617485,87.59881422924902,9.05002367050655,89.06422597443586
0.61,96.76503077165852,54.68676029667035,31.323970332965125,91.28463476070529,79.33564778286255,73.07085371626953,92.66817838246409,89.57708694966072,87.49408237336279,95.4910271440166,31.323970332965125,91.28463476070529,43.00142023039293,89.61467889908256,16.222187154805113,88.08365758754864,9.452422281836832,89.40350323496922
0.62,96.76503077165852,54.68676029667035,30.574404292251856,91.63870967741936,79.33564778286255,72.29761716900742,92.9171668667467,89.57708694966072,87.0916837620325,95.59702844718247,30.574404292251856,91.63870967741936,42.96985955499448,89.97429305912597,16.522013571090422,88.53868194842407,9.933722581663247,89.73489032665299
0.63,96.76503077165852,54.68676029667035,29.927410446583558,91.95887160558924,79.33564778286255,71.56383146599337,93.25248070562293,89.57708694966072,86.62616379990531,95.81018307678295,29.927410446583558,91.95887160558924,42.89095786649834,90.48933038999265,16.782389143127663,89.13963328631876,10.399242543790438,90.12939876913366
0.64,96.76503077165852,54.68676029667035,29.32775761401294,92.49394673123487,79.33564778286255,70.7590342433328,93.59946476360392,89.57708694966072,86.28688653937195,95.93087051938552,29.32775761401294,92.49394673123487,42.6305822944611,91.02350545992967,17.208458261006786,89.40852819807428,10.833201830519172,90.53179738046394
0.65,96.76503077165852,54.68676029667035,28.625532586397348,92.88864388092613,79.33564778286255,70.11204039766452,93.77672743641683,89.57708694966072,85.9081584345905,96.02314474650991,28.625532586397348,92.88864388092613,42.6858134764084,91.33086876155268,17.413602651096735,89.8504757589488,11.275051286097522,90.8552943032981
0.66,96.76503077165852,54.68676029667035,27.986428909578667,93.2055257964477,79.33564778286255,69.47293672084582,93.99204997160705,89.57708694966072,85.41107779706486,96.16628175519631,27.986428909578667,93.2055257964477,42.67792330755878,91.64355703457201,17.524065014991322,90.36470058532193,11.811582767871233,91.13145021303455
0.67,96.76503077165852,54.68676029667035,27.2999842196623,93.64161849710983,79.33564778286255,68.70759034243333,94.281120808452,89.57708694966072,84.95344800378729,96.30352001486023,27.2999842196623,93.64161849710983,42.52801009941613,92.13358070500928,17.89490295092315,90.65255731922399,12.277102729998422,91.48650781126716
0.68,96.76503077165852,54.68676029667035,26.660880542843618,93.93311630659959,79.33564778286255,67.9816948082689,94.53342618384401,89.57708694966072,84.49581821050971,96.43290690073769,26.660880542843618,93.93311630659959,42.37020672242386,92.4953445065177,18.234180211456525,90.99956728688879,12.734732523275998,91.72321287675557
0.69,96.76503077165852,54.68676029667035,26.045447372573772,94.24416843380794,79.33564778286255,67.24001893640524,94.75475240553861,89.57708694966072,84.21177213192362,96.53330834816828,26.045447372573772,94.24416843380794,42.21240334543159,92.82242990654206,18.636578822786806,91.36325148179509,13.105570459207827,91.97569827994319
0.7,96.76503077165852,54.68676029667035,25.343222344958182,94.45828144458281,79.33564778286255,66.5693545841881,94.96266445418988,89.57708694966072,83.73047183209721,96.65473049378062,25.343222344958182,94.45828144458281,42.24396402083005,93.20134478894285,18.825942875177528,91.7015926236379,13.586870759034243,92.24396402083005
0.71,96.76503077165852,54.68676029667035,24.60943664194414,94.74190445655658,79.33564778286255,65.89080006312135,95.13830678960603,89.57708694966072,83.2491715322708,96.81546772817742,24.60943664194414,94.74190445655658,42.259744358529275,93.46527259148618,19.031087265267477,92.16417910447761,14.099731734259112,92.48066908631844
0.72,96.76503077165852,54.68676029667035,23.994003471674294,95.13317987504111,79.33564778286255,65.18857503550576,95.23117889130961,89.57708694966072,82.7205302193467,96.96680656238077,23.994003471674294,95.13317987504111,42.125611488085845,93.61303614909158,19.330913681552786,92.61224489795919,14.549471358687075,92.70948398295724
0.73,96.76503077165852,54.68676029667035,23.40224080795329,95.27983816587998,79.33564778286255,64.27331544895061,95.39651362631966,89.57708694966072,82.1997790752722,97.09157227874832,23.40224080795329,95.27983816587998,41.794224396402086,93.86445157636398,19.693861448635,93.10897435897436,15.109673347009625,92.92251854189679
0.74,96.76503077165852,54.68676029667035,22.79469780653306,95.46555901696088,79.33564778286255,63.63421177213193,95.57346559206448,89.57708694966072,81.65535742464888,97.20745965793796,22.79469780653306,95.46555901696088,41.73899321445479,94.10207939508507,19.843774656777654,93.39960238568588,15.622534322234495,93.11188259428752
0.75,96.76503077165852,54.68676029667035,22.234495818210508,95.6706884315117,79.33564778286255,62.78996370522329,95.85322945463685,89.57708694966072,81.17405712482247,97.34642301710731,22.234495818210508,95.6706884315117,41.43127662931987,94.49628642163397,20.080479722266055,93.7917485265226,16.253747830203565,93.37225816632476
0.76,96.76503077165852,54.68676029667035,21.729525011835253,95.78794480755265,79.33564778286255,62.0877386776077,96.04778243741264,89.57708694966072,80.76376834464257,97.45017584994139,21.729525011835253,95.78794480755265,41.23402240807953,94.79525449674703,20.317184787754456,94.05825242718447,16.719267792330754,93.55373204986587
0.77,96.76503077165852,54.68676029667035,20.972068802272368,96.01203912716328,79.33564778286255,61.259270948398296,96.25193199381762,89.57708694966072,80.22723686286886,97.55114083398898,20.972068802272368,96.01203912716328,41.115669875335335,95.048934945308,20.64857187943822,94.2300343905235,17.263689442954078,93.73520593340697
0.78,96.76503077165852,54.68676029667035,20.372415969701752,96.28195197521302,79.33564778286255,60.40713271264005,96.46029258098224,89.57708694966072,79.63547419914786,97.70137719211334,20.372415969701752,96.28195197521302,40.81584345905002,95.36052580707519,20.908947451475463,94.67924528301887,17.902793119772763,94.01136184314345
0.79,96.76503077165852,54.68676029667035,19.788543474830362,96.29186602870813,79.33564778286255,59.5549944768818,96.63487016428193,89.57708694966072,79.10683288622377,97.80570516656692,19.788543474830362,96.29186602870813,40.53179738046394,95.63947829472454,21.192993530061543,95.01116902457186,18.486665614644153,94.17705538898532
0.8,96.76503077165852,54.68676029667035,19.165220135710904,96.29477151090984,79.33564778286255,58.710746409973176,96.77462706625454,89.57708694966072,78.43616853400663,97.9579519163062,19.165220135710904,96.29477151090984,40.28720214612593,95.84802193497846,21.39813792015149,95.46460176991151,19.149439798011677,94.35063910367681
0.81,96.76503077165852,54.68676029667035,18.289411393403817,96.80759275237274,79.33564778286255,57.795486823418024,96.96928327645051,89.57708694966072,77.93908789648098,98.06641020449484,18.289411393403817,96.80759275237274,40.2083004576298,96.09497645211931,21.74530534953448,95.64586357039187,19.756982799431906,94.55578349376677
0.82,96.76503077165852,54.68676029667035,17.71342906738204,96.79287305122494,79.33564778286255,56.8960075745621,97.15712106503952,89.57708694966072,77.25264320656463,98.19221734245735,17.71342906738204,96.79287305122494,39.89269370364526,96.34098101265823,21.88732838882752,95.99855803893296,20.50654884014518,94.67413602651096
0.83,96.76503077165852,54.68676029667035,17.03487454631529,97.08198239925892,79.33564778286255,55.85450528641313,97.41488910863116,89.57708694966072,76.63721003629477,98.26006383197776,17.03487454631529,97.08198239925892,39.47451475461575,96.70197881271237,22.25816632475935,96.17157036511875,21.232444374309612,94.87139024775131
0.84,96.76503077165852,54.68676029667035,16.47467255799274,97.31800766283524,79.33564778286255,54.749881647467255,97.55007926214152,89.57708694966072,76.04544737257378,98.33990454451131,16.47467255799274,97.31800766283524,38.88275209089475,96.85470779220779,22.715796118036927,96.45710316081973,21.92677923307559,95.03708379359318
0.85,96.76503077165852,54.68676029667035,15.835568881174057,97.45889387144993,79.33564778286255,53.676818683919834,97.70689401734529,89.57708694966072,75.35111251380779,98.45026178010471,15.835568881174057,97.45889387144993,38.44879280416601,97.04494151446747,23.086634053968755,96.75324675324676,22.62900426069118,95.19488717058545
0.86,96.76503077165852,54.68676029667035,15.086002840460786,97.64644351464435,79.33564778286255,52.69843774656778,97.81404401856565,89.57708694966072,74.61732681079376,98.54076345564133,15.086002840460786,97.64644351464435,38.204197569828,97.17059066501446,23.37068013255484,96.96151249155976,23.339119457156382,95.32112987217927
0.87,96.76503077165852,54.68676029667035,14.415338488243648,97.86535303776684,79.33564778286255,51.61748461417074,97.9516967288291,89.57708694966072,73.80463941928357,98.64229206756468,14.415338488243648,97.86535303776684,37.71500710115196,97.36401673640168,23.638945873441692,97.2630173564753,24.230708537162695,95.44737257377308
0.88,96.76503077165852,54.68676029667035,13.705223291778443,97.81232009211284,79.33564778286255,50.57598232602178,98.09672386895475,89.57708694966072,73.1181947293672,98.769828423438,13.705223291778443,97.81232009211284,37.336278996370524,97.59087066779375,23.946662458576615,97.56177924217462,25.01183525327442,95.60517595076534
0.89,96.76503077165852,54.68676029667035,12.987217926463627,97.93438639125152,79.33564778286255,49.43979801167745,98.22853495052665,89.57708694966072,72.32917784440588,98.89822188284063,12.987217926463627,97.93438639125152,36.87864920309295,97.79632006846384,24.33328073220767,97.76264591439688,25.800852138235758,95.70774814581031
0.9,96.76503077165852,54.68676029667035,12.308663405396876,98.07692307692308,79.33564778286255,48.01956761874704,98.37331580676964,89.57708694966072,71.46914943979802,98.94016339147714,12.308663405396876,98.07692307692308,36.12908316237967,97.96898886219698,24.798800694334858,97.86827871460387,26.763452737888592,95.79454000315607
0.91,96.76503077165852,54.68676029667035,11.566987533533217,98.15825375170532,79.33564778286255,46.48887486192204,98.54039375424304,89.57708694966072,70.35663563200252,99.09162274307502,11.566987533533217,98.15825375170532,35.355846615117564,98.19236777505022,25.051286097522485,98.26771653543307,28.025879753826732,95.96812371784756
0.92,96.76503077165852,54.68676029667035,10.777970648571879,98.09663250366032,79.33564778286255,45.068644468991636,98.65196078431373,89.57708694966072,69.31513334385356,99.15765509391008,10.777970648571879,98.09663250366032,34.69307243175004,98.36251989993177,25.343222344958182,98.47447073474471,29.1857345747199,96.06280574404292
0.93,96.76503077165852,54.68676029667035,9.98895376361054,98.42022116903634,79.33564778286255,43.3959286728736,98.81818181818181,89.57708694966072,67.96591447056967,99.22219642442535,9.98895376361054,98.42022116903634,33.746252169796435,98.57376665887304,25.69038977434117,98.61793611793611,30.574404292251856,96.19693861448636
0.94,96.76503077165852,54.68676029667035,9.12103519015307,98.6159169550173,79.33564778286255,41.36026510967335,98.96985883250667,89.57708694966072,66.45100205144391,99.34694846829731,9.12103519015307,98.6159169550173,32.51538582925674,98.7867022567338,26.15590973646836,98.85369532428356,32.207669244121824,96.30740097838094
0.95,96.76503077165852,54.68676029667035,8.14265425280101,99.03100775193798,79.33564778286255,39.01688496133817,99.11021233569262,89.57708694966072,64.8019567618747,99.43991233410446,8.14265425280101,99.03100775193798,31.05570459207827,98.98373983739837,26.75556256903898,99.02683574166912,34.04607858608174,96.41786334227552
0.96,96.76503077165852,54.68676029667035,7.1169323023512705,99.00221729490022,79.33564778286255,36.32633738362001,99.2832319721981,89.57708694966072,62.56903897743412,99.49558638083228,7.1169323023512705,99.00221729490022,29.414549471358686,99.19527896995709,27.142180842670033,99.12790697674419,36.32633738362001,96.50465519962127
0.97,96.76503077165852,54.68676029667035,5.822944611014676,99.1869918699187,79.33564778286255,33.17816001262427,99.45303210463733,89.57708694966072,59.9652832570617,99.5657894736842,5.822944611014676,99.1869918699187,27.51301877860186,99.42644106681962,27.591920467097996,99.28510151558478,39.07211614328546,96.59144705696701
0.98,96.76503077165852,54.68676029667035,4.568407763926148,99.13644214162349,79.33564778286255,28.767555625690388,99.67087218869995,89.57708694966072,56.16222187154805,99.73307108738409,4.568407763926148,99.13644214162349,24.30961022565883,99.67543005517689,28.120561780022094,99.57912457912458,43.00142023039293,96.68612908316238
0.99,96.76503077165852,54.68676029667035,3.124506864446899,100.0,79.33564778286255,22.857819157329967,99.79288919571971,89.57708694966072,49.43979801167745,99.82444940951164,3.124506864446899,100.0,19.867445163326494,99.76171564733916,27.126400504970807,99.7673065735893,49.881647467255796,96.74136026510968
1.0,96.76503077165852,54.68676029667035,0.0,0.0,79.33564778286255,0.007890168849613381,100.0,89.57708694966072,0.9941612750512862,100.0,0.0,0.0,0.007890168849613381,100.0,0.9862711062016727,100.0,99.00583872494872,96.76503077165852
